university_name,scholarship_name,academic_requirements,minimum_gpa_or_percentage,english_language_requirement,course_requirements,nationality_restrictions,financial_need_required,other_conditions,required_documents,separate_application_required,auto_considered,application_steps,deadline,source_url,retrieved_on,confidence,notes
University of Cambridge,Cambridge Bursary Scheme,NOT_FOUND,NOT_FOUND,NOT_FOUND,Undergraduate courses only,UK and EU students (assessed as home fee status),True,"Must apply for Student Finance loan (England, Scotland, Wales, or Northern Ireland). No separate application required.",Student Finance application confirmation | Income assessment from regional Student Finance body,False,True,Apply for Student Finance through your regional body | Receive income assessment confirmation | Automatic consideration with Student Finance application,Dependent on Student Finance regional body deadlines,https://www.cambridgestudents.cam.ac.uk/fees-and-funding/cambridge-bursary-scheme,2026-05-02,high,"Information sourced from official University of Cambridge, Cambridge Trust, and Gates Cambridge websites. For 2026/27 entry. Some 2026 entry scholarship details still under development (e.g., Stormzy and F1 scholarships). Specific application deadlines and full eligibility criteria for some awards to be confirmed closer to application windows. College-specific awards and smaller subject-specific prizes not included as per medium thoroughness requirement."
University of Cambridge,Stormzy Scholarship,NOT_FOUND,NOT_FOUND,NOT_FOUND,Any undergraduate course at Cambridge,"UK students only; Black African, Black Caribbean, Black Other, Mixed White/Black Caribbean, or Mixed White/Black African ethnicity",NOT_FOUND,Confirmed undergraduate offer; must have home fee status; must have applied to Student Finance and received income assessment,Confirmed UCAS offer from Cambridge | Student Finance application and income assessment confirmation,True,False,Obtain Student Finance income assessment | Complete Stormzy Scholarship application when portal opens (usually August),Applications for 2026 entry open in August 2026; details to be confirmed,https://www.undergraduate.study.cam.ac.uk/fees-funding/scholarships-bursaries/stormzy-scholarship,2026-05-02,high,"Information sourced from official University of Cambridge, Cambridge Trust, and Gates Cambridge websites. For 2026/27 entry. Some 2026 entry scholarship details still under development (e.g., Stormzy and F1 scholarships). Specific application deadlines and full eligibility criteria for some awards to be confirmed closer to application windows. College-specific awards and smaller subject-specific prizes not included as per medium thoroughness requirement."
University of Cambridge,Formula 1® Engineering Scholarship,NOT_FOUND,NOT_FOUND,NOT_FOUND,First undergraduate Engineering degree,"UK students only; female students (any ethnicity) or male students of underrepresented ethnic minorities (Bangladeshi, Pakistani, Black African, Black Caribbean, Black Other, Mixed White/Black)",NOT_FOUND,Confirmed Engineering undergraduate offer; must have home fee status; must have applied to Student Finance and received income assessment,Confirmed UCAS offer from Cambridge for Engineering | Student Finance application and income assessment confirmation,True,False,Obtain Student Finance income assessment | Complete Formula 1 Scholarship application when portal opens (usually August),Applications for 2026 entry open in August 2026; details to be confirmed,https://www.undergraduate.study.cam.ac.uk/fees-funding/scholarships-bursaries/formula-1-engineering-scholarship,2026-05-02,high,"Information sourced from official University of Cambridge, Cambridge Trust, and Gates Cambridge websites. For 2026/27 entry. Some 2026 entry scholarship details still under development (e.g., Stormzy and F1 scholarships). Specific application deadlines and full eligibility criteria for some awards to be confirmed closer to application windows. College-specific awards and smaller subject-specific prizes not included as per medium thoroughness requirement."
University of Cambridge,Geography Scholarship,NOT_FOUND,NOT_FOUND,NOT_FOUND,Geography or related undergraduate course,UK students only; Black UK students from low income and/or disadvantaged backgrounds,True,Confirmed undergraduate offer,NOT_FOUND,True,False,NOT_FOUND,NOT_FOUND,https://www.undergraduate.study.cam.ac.uk/fees-funding/scholarships-bursaries/geography-scholarship,2026-05-02,high,"Information sourced from official University of Cambridge, Cambridge Trust, and Gates Cambridge websites. For 2026/27 entry. Some 2026 entry scholarship details still under development (e.g., Stormzy and F1 scholarships). Specific application deadlines and full eligibility criteria for some awards to be confirmed closer to application windows. College-specific awards and smaller subject-specific prizes not included as per medium thoroughness requirement."
University of Cambridge,Gates Cambridge Scholarship,Evidence of academic excellence required; must be academically outstanding,NOT_FOUND,NOT_FOUND,"PhD (full-time or part-time), MLitt (full-time), or one-year postgraduate taught course (full-time). Excludes MBA, EMBA, MFin, BusD, PGCE, MBBChir Clinical Studies, MD, and professional development courses",Non-UK citizens only. Any country outside United Kingdom eligible.,False,Needs-blind admissions process. Must demonstrate commitment to improving lives of others and capacity for leadership. Must have or obtain unconditional/conditional Cambridge offer.,Cambridge postgraduate application | Academic transcripts | References (academic/professional) | Research proposal (for PhD/MLitt applicants),True,False,Apply for postgraduate course at Cambridge | Be nominated by academic department | Submit Gates Cambridge Scholarship application | Undergo departmental ranking review | Selected applicants reviewed by selection panels,Two rounds: US citizens resident in USA (October 2026); All other applicants (December 2026 or early January 2027 depending on course). Exact dates to be confirmed.,https://www.gatescambridge.org/apply/,2026-05-02,high,"Information sourced from official University of Cambridge, Cambridge Trust, and Gates Cambridge websites. For 2026/27 entry. Some 2026 entry scholarship details still under development (e.g., Stormzy and F1 scholarships). Specific application deadlines and full eligibility criteria for some awards to be confirmed closer to application windows. College-specific awards and smaller subject-specific prizes not included as per medium thoroughness requirement."
University of Cambridge,Cambridge Trust Awards (Postgraduate),Academic merit based,NOT_FOUND,NOT_FOUND,Masters (one-year or two-year) and PhD postgraduate courses,International students (non-UK); specific country eligibility varies by award,True,Means-tested. Must be accepted for admission to Cambridge. Eligibility varies by specific award and country.,Confirmed Cambridge postgraduate offer | Completed Cambridge Trust application | Financial need documentation,True,False,Receive Cambridge postgraduate offer | Register on Cambridge Trust website | Complete application for eligible awards for your country | Submit supporting documents indicating financial need,Varies by award; typically align with postgraduate course deadlines (December 2026 - January 2027),https://www.cambridgetrust.org/scholarships/,2026-05-02,high,"Information sourced from official University of Cambridge, Cambridge Trust, and Gates Cambridge websites. For 2026/27 entry. Some 2026 entry scholarship details still under development (e.g., Stormzy and F1 scholarships). Specific application deadlines and full eligibility criteria for some awards to be confirmed closer to application windows. College-specific awards and smaller subject-specific prizes not included as per medium thoroughness requirement."
University of Cambridge,Cambridge Trust Awards (Undergraduate),Academic merit based,NOT_FOUND,NOT_FOUND,Undergraduate degree,International students; specific country eligibility varies by award,True,"Means-tested. Most awards are part-cost, not full scholarships. Must have received offer from Cambridge College. Eligibility varies by specific award and country.",Confirmed College offer from Cambridge | Completed Cambridge Trust application | Financial need documentation,True,False,Receive Cambridge College offer | College sends details and application form | Complete Cambridge Trust award application | Submit supporting financial documents,After College offer received; varies by award,https://www.cambridgetrust.org/scholarships/,2026-05-02,high,"Information sourced from official University of Cambridge, Cambridge Trust, and Gates Cambridge websites. For 2026/27 entry. Some 2026 entry scholarship details still under development (e.g., Stormzy and F1 scholarships). Specific application deadlines and full eligibility criteria for some awards to be confirmed closer to application windows. College-specific awards and smaller subject-specific prizes not included as per medium thoroughness requirement."
University of Oxford,Clarendon Fund Scholarship,Competitive academic merit-based selection,NOT_FOUND,NOT_FOUND,Available for all courses at graduate level,Open to international and UK applicants,False,Primarily funded by Oxford University Press,NOT_FOUND,False,True,Apply for postgraduate programme through standard admissions,NOT_FOUND,https://www.clarendon.ox.ac.uk,2026-05-02,low,Oxford official scholarship pages returned access errors during this run. Current 2026/27 detail could not be fully verified from official sources.
University of Oxford,Rhodes Scholarship,High academic achievement required,NOT_FOUND,NOT_FOUND,Any postgraduate course,"Restricted to specific nations; primarily Commonwealth countries, USA, Germany, and others",False,Requires demonstrated leadership and character,NOT_FOUND,True,False,Apply separately to Rhodes Trust | Application typically made through national selection committees,NOT_FOUND,https://www.rhodeshouse.ox.ac.uk,2026-05-02,low,Oxford official scholarship pages returned access errors during this run. Current 2026/27 detail could not be fully verified from official sources.
University of Oxford,Oxford Opportunity Bursaries,NOT_FOUND,NOT_FOUND,NOT_FOUND,Undergraduate programmes,UK students only,True,Means-tested,Financial documentation | NOT_FOUND - specific documents not accessible,False,True,Assessed during undergraduate application process,NOT_FOUND,https://www.ox.ac.uk/admissions,2026-05-02,low,Oxford official scholarship pages returned access errors during this run. Current 2026/27 detail could not be fully verified from official sources.
University of Oxford,Weidenfeld Scholarships,High academic merit,NOT_FOUND,NOT_FOUND,Postgraduate courses,International students,False,NOT_FOUND,NOT_FOUND,False,True,Apply for postgraduate programme; assessed automatically,NOT_FOUND,https://www.ox.ac.uk,2026-05-02,low,Oxford official scholarship pages returned access errors during this run. Current 2026/27 detail could not be fully verified from official sources.
London School of Economics and Political Science,Uggla Family Scholars Programme,Unconditional or conditional offer of admission to LSE undergraduate programme required,NOT_FOUND,NOT_FOUND,Available for all undergraduate programmes,7 scholarships for UK students; 3 for overseas students,True,Students from underrepresented backgrounds prioritised. Must be a new undergraduate student for 2026 entry.,Completed LSE Undergraduate Scholarship Application 2026 | One academic reference | Supporting documents (varies by individual circumstances),True,False,Obtain conditional or unconditional LSE offer | Complete LSE Undergraduate Scholarship Application 2026 | Submit academic reference | Provide supporting documents | Email all materials to financial-support@lse.ac.uk,NOT_FOUND,https://www.lse.ac.uk/study-at-lse/undergraduate/fees-and-funding/uggla-family-scholarships,2026-05-02,low,"Detailed LSE scholarship pages were only partly accessible during this run, so many fields remain NOT_FOUND."
London School of Economics and Political Science,LSE Access to Education Undergraduate Scholarships,NOT_FOUND,NOT_FOUND,NOT_FOUND,NOT_FOUND,Restricted to students of specific immigration status,True,Awards can cover full tuition fees and living costs for eligible students with offer of admission,NOT_FOUND,NOT_FOUND,NOT_FOUND,NOT_FOUND,NOT_FOUND,https://www.lse.ac.uk/study-at-lse/Undergraduate/fees-and-funding/access-to-education-undergraduate-scholarships,2026-05-02,low,"Detailed LSE scholarship pages were only partly accessible during this run, so many fields remain NOT_FOUND."
London School of Economics and Political Science,LSE PhD Studentships,High calibre students,NOT_FOUND,NOT_FOUND,"For MRes, MPhil, and PhD programmes",All nationalities eligible,NOT_FOUND,Open across all research areas at the School,NOT_FOUND,NOT_FOUND,NOT_FOUND,NOT_FOUND,NOT_FOUND,https://www.lse.ac.uk/study-at-lse/Graduate/fees-and-funding/PhD-Studentships,2026-05-02,low,"Detailed LSE scholarship pages were only partly accessible during this run, so many fields remain NOT_FOUND."
University of St Andrews,Entry Scholarships (Undergraduate),Merit-based; typically high academic achievement at school level,NOT_FOUND,NOT_FOUND,Available across various courses,"No restrictions mentioned; open to UK, EU, and international students",NOT_FOUND,"Based on academic excellence or other achievements such as leadership, sport, or music",NOT_FOUND - applicants advised to complete financial funding tool if applying for need-based scholarships,NOT_FOUND,False,Receive login details for My Application portal within two working days of course application | Apply through scholarship application in portal | Complete financial funding tool if applying for means-tested scholarships | Do not wait until receiving an offer before applying,NOT_FOUND - varies by scholarship; applicants encouraged to apply early,https://www.st-andrews.ac.uk/study/fees-and-funding/scholarships/,2026-05-02,medium,"Information gathered from official University of St Andrews study and scholarships website. Detailed scholarship listings in online catalogue are interactive and not fully accessible through automated tools. Specific scholarship names, exact amounts, and deadlines vary significantly and are available through the university's searchable scholarship catalogue. University advises prospective students to search catalogue directly at https://www.st-andrews.ac.uk/study/fees-and-funding/scholarships/scholarships-catalogue-search/ for 2026-2027 entry scholarships. Contact: Undergraduate scholarships: ugscholarships@st-andrews.ac.uk or postgraduate scholarships: pgscholarships@st-andrews.ac.uk for detailed information. Confidence rated 'medium' because specific named scholarships, exact deadlines, and full eligibility criteria could not be fully extracted from official sources due to interactive search tool limitations."
University of St Andrews,Entry Scholarships (Postgraduate Taught),Merit-based; typically high academic achievement at honours level or equivalent,NOT_FOUND,NOT_FOUND,Available for taught Masters programmes,Open to international students worldwide,NOT_FOUND,"Based on academic excellence, course subject, location of residence",NOT_FOUND,NOT_FOUND,False,Search scholarships using online catalogue by programme or country | Apply through My Application portal | Complete relevant application requirements as specified by each scholarship,NOT_FOUND - varies by scholarship; recommend applying early,https://www.st-andrews.ac.uk/study/postgraduate/fees/,2026-05-02,medium,"Information gathered from official University of St Andrews study and scholarships website. Detailed scholarship listings in online catalogue are interactive and not fully accessible through automated tools. Specific scholarship names, exact amounts, and deadlines vary significantly and are available through the university's searchable scholarship catalogue. University advises prospective students to search catalogue directly at https://www.st-andrews.ac.uk/study/fees-and-funding/scholarships/scholarships-catalogue-search/ for 2026-2027 entry scholarships. Contact: Undergraduate scholarships: ugscholarships@st-andrews.ac.uk or postgraduate scholarships: pgscholarships@st-andrews.ac.uk for detailed information. Confidence rated 'medium' because specific named scholarships, exact deadlines, and full eligibility criteria could not be fully extracted from official sources due to interactive search tool limitations."
University of St Andrews,Bursaries (Need-based),No specific academic minimum required; need-based assessment,NOT_FOUND,NOT_FOUND,Available for both undergraduate and postgraduate students,"Available to UK and international students; applicants with refugee status, humanitarian protection, discretionary leave, or asylum seeker status encouraged to apply",True,Based on household income assessment; bursaries focus on reducing accommodation costs and supporting living expenses,"Household income evidence: P60, payslips, tax summaries, self-assessment returns, or benefit statements | Bank statements (3 months) if above documents unavailable | Care status documentation (if applicable) | Home Office documentation (for asylum seekers) | All documents in PDF format and English language",NOT_FOUND,False,Complete financial funding tool on My Application portal to calculate household income | This automatically populates household income field across all scholarship applications | Only need to complete once unless circumstances change | Submit scholarship application with financial evidence,NOT_FOUND - varies by year; contact Money Advice team for in-year funding,https://www.st-andrews.ac.uk/study/scholarships/calculating-household-income/,2026-05-02,medium,"Information gathered from official University of St Andrews study and scholarships website. Detailed scholarship listings in online catalogue are interactive and not fully accessible through automated tools. Specific scholarship names, exact amounts, and deadlines vary significantly and are available through the university's searchable scholarship catalogue. University advises prospective students to search catalogue directly at https://www.st-andrews.ac.uk/study/fees-and-funding/scholarships/scholarships-catalogue-search/ for 2026-2027 entry scholarships. Contact: Undergraduate scholarships: ugscholarships@st-andrews.ac.uk or postgraduate scholarships: pgscholarships@st-andrews.ac.uk for detailed information. Confidence rated 'medium' because specific named scholarships, exact deadlines, and full eligibility criteria could not be fully extracted from official sources due to interactive search tool limitations."
University of St Andrews,International Scholarships,Merit-based; high academic standards,NOT_FOUND,Standard university entry requirements apply,"Available for undergraduate, taught postgraduate, and research postgraduate programmes",For international (non-UK) students; covering full or partial tuition fees,NOT_FOUND,"Based on academic excellence, subject area, country of residence",NOT_FOUND - varies by scholarship,NOT_FOUND,False,Search international scholarships by country of residence in catalogue | Apply through My Application portal | Follow specific requirements for chosen scholarship,NOT_FOUND - varies by scholarship,https://www.st-andrews.ac.uk/study/fees-and-funding/scholarships/,2026-05-02,medium,"Information gathered from official University of St Andrews study and scholarships website. Detailed scholarship listings in online catalogue are interactive and not fully accessible through automated tools. Specific scholarship names, exact amounts, and deadlines vary significantly and are available through the university's searchable scholarship catalogue. University advises prospective students to search catalogue directly at https://www.st-andrews.ac.uk/study/fees-and-funding/scholarships/scholarships-catalogue-search/ for 2026-2027 entry scholarships. Contact: Undergraduate scholarships: ugscholarships@st-andrews.ac.uk or postgraduate scholarships: pgscholarships@st-andrews.ac.uk for detailed information. Confidence rated 'medium' because specific named scholarships, exact deadlines, and full eligibility criteria could not be fully extracted from official sources due to interactive search tool limitations."
University of St Andrews,"External Scholarships (Chevening, DAAD, CSC, etc.)",Varies; typically high academic standards required by sponsoring body,NOT_FOUND,Varies by sponsoring organisation,Programme-specific; varies by scholarship,"Varies; typically country-specific (e.g., Chevening for Commonwealth/British Protected Persons, DAAD for German nationals, CSC for Chinese nationals)",NOT_FOUND,Sponsored by external government agencies or international organisations,Depends on sponsoring organisation,NOT_FOUND,False,"Apply to external sponsoring organisation following their application process | Upon conditional acceptance, apply to university for admission | External sponsors and university must approve",NOT_FOUND - depends on external sponsoring body; typically have their own annual deadlines,https://www.st-andrews.ac.uk/study/fees-and-funding/scholarships/,2026-05-02,medium,"Information gathered from official University of St Andrews study and scholarships website. Detailed scholarship listings in online catalogue are interactive and not fully accessible through automated tools. Specific scholarship names, exact amounts, and deadlines vary significantly and are available through the university's searchable scholarship catalogue. University advises prospective students to search catalogue directly at https://www.st-andrews.ac.uk/study/fees-and-funding/scholarships/scholarships-catalogue-search/ for 2026-2027 entry scholarships. Contact: Undergraduate scholarships: ugscholarships@st-andrews.ac.uk or postgraduate scholarships: pgscholarships@st-andrews.ac.uk for detailed information. Confidence rated 'medium' because specific named scholarships, exact deadlines, and full eligibility criteria could not be fully extracted from official sources due to interactive search tool limitations."
University of St Andrews,Sport and Music Scholarships,No specific minimum; talent-based selection,NOT_FOUND,NOT_FOUND,Available across degree programmes,No restriction mentioned,False,Based on demonstrated sporting or musical achievement; talent and potential assessment required,Evidence of sporting or musical achievement | Portfolio or demonstration of talent | Recommendation from coach or instructor (typically required),NOT_FOUND,False,Contact relevant sports or music department | Submit evidence of achievement and talent | Participate in trials or assessment if required,NOT_FOUND - contact relevant department for specific deadlines,https://www.st-andrews.ac.uk/study/fees-and-funding/scholarships/,2026-05-02,medium,"Information gathered from official University of St Andrews study and scholarships website. Detailed scholarship listings in online catalogue are interactive and not fully accessible through automated tools. Specific scholarship names, exact amounts, and deadlines vary significantly and are available through the university's searchable scholarship catalogue. University advises prospective students to search catalogue directly at https://www.st-andrews.ac.uk/study/fees-and-funding/scholarships/scholarships-catalogue-search/ for 2026-2027 entry scholarships. Contact: Undergraduate scholarships: ugscholarships@st-andrews.ac.uk or postgraduate scholarships: pgscholarships@st-andrews.ac.uk for detailed information. Confidence rated 'medium' because specific named scholarships, exact deadlines, and full eligibility criteria could not be fully extracted from official sources due to interactive search tool limitations."
University of St Andrews,Discretionary Funds (Undergraduate),Not academic-based,NOT_FOUND,NOT_FOUND,Not course-specific,Not specified,True,Available to students in financial hardship,Evidence of financial difficulty | Household income information,NOT_FOUND,False,Contact Fees and Funding office or Money Advice team | Discuss financial circumstances | Submit evidence of hardship if required,NOT_FOUND - available throughout the year for students in hardship,https://www.st-andrews.ac.uk/study/undergraduate/fees/financial-assistance/,2026-05-02,medium,"Information gathered from official University of St Andrews study and scholarships website. Detailed scholarship listings in online catalogue are interactive and not fully accessible through automated tools. Specific scholarship names, exact amounts, and deadlines vary significantly and are available through the university's searchable scholarship catalogue. University advises prospective students to search catalogue directly at https://www.st-andrews.ac.uk/study/fees-and-funding/scholarships/scholarships-catalogue-search/ for 2026-2027 entry scholarships. Contact: Undergraduate scholarships: ugscholarships@st-andrews.ac.uk or postgraduate scholarships: pgscholarships@st-andrews.ac.uk for detailed information. Confidence rated 'medium' because specific named scholarships, exact deadlines, and full eligibility criteria could not be fully extracted from official sources due to interactive search tool limitations."
University of St Andrews,Research Council Funding (Postgraduate Research),High academic standards; research proposal quality assessed,NOT_FOUND,NOT_FOUND,For PhD and postgraduate research programmes,Varies by research council; typically UK or EU residents may be eligible,NOT_FOUND,Merit-based; research excellence and innovation assessment,Research proposal | Academic transcripts | References | Research qualifications evidence,NOT_FOUND,False,"Develop research proposal with university supervisor | Apply to relevant UK Research Council (BBSRC, EPSRC, ESRC, etc.) | Follow council's application timeline and process",NOT_FOUND - varies by research council; typically annual cycles,https://www.st-andrews.ac.uk/study/postgraduate/fees/financial-assistance/,2026-05-02,medium,"Information gathered from official University of St Andrews study and scholarships website. Detailed scholarship listings in online catalogue are interactive and not fully accessible through automated tools. Specific scholarship names, exact amounts, and deadlines vary significantly and are available through the university's searchable scholarship catalogue. University advises prospective students to search catalogue directly at https://www.st-andrews.ac.uk/study/fees-and-funding/scholarships/scholarships-catalogue-search/ for 2026-2027 entry scholarships. Contact: Undergraduate scholarships: ugscholarships@st-andrews.ac.uk or postgraduate scholarships: pgscholarships@st-andrews.ac.uk for detailed information. Confidence rated 'medium' because specific named scholarships, exact deadlines, and full eligibility criteria could not be fully extracted from official sources due to interactive search tool limitations."
University of St Andrews,Loans (Postgraduate),Not applicable,NOT_FOUND,NOT_FOUND,Masters programmes only,Varies by country of residence; eligibility depends on domicile,NOT_FOUND,Available for students from various countries with different terms,NOT_FOUND - depends on loan provider and country of residence,NOT_FOUND,False,"Check eligibility based on country of residence | Apply to relevant loan provider (SFE for English students, SAAS for Scottish students, etc.) | Follow provider's application requirements",NOT_FOUND - varies by loan provider; typically have different deadlines,https://www.st-andrews.ac.uk/study/postgraduate/fees/,2026-05-02,medium,"Information gathered from official University of St Andrews study and scholarships website. Detailed scholarship listings in online catalogue are interactive and not fully accessible through automated tools. Specific scholarship names, exact amounts, and deadlines vary significantly and are available through the university's searchable scholarship catalogue. University advises prospective students to search catalogue directly at https://www.st-andrews.ac.uk/study/fees-and-funding/scholarships/scholarships-catalogue-search/ for 2026-2027 entry scholarships. Contact: Undergraduate scholarships: ugscholarships@st-andrews.ac.uk or postgraduate scholarships: pgscholarships@st-andrews.ac.uk for detailed information. Confidence rated 'medium' because specific named scholarships, exact deadlines, and full eligibility criteria could not be fully extracted from official sources due to interactive search tool limitations."
Durham University,Durham Undergraduate Bursary Scheme,NOT_FOUND,NOT_FOUND,NOT_FOUND,All undergraduate courses eligible,UK home students (meets Student Finance England criteria),True,Assessed by Student Finance England income threshold; annual household income assessment required,Student Finance England assessment (automatic),False,True,Apply for student finance through Student Finance England | Award made based on household income assessment,Following Student Finance England deadlines (typically January),https://www.dur.ac.uk/study/scholarships/,2026-05-02,medium,Data sourced from official Durham University scholarship pages (www.dur.ac.uk/study/scholarships/) current as of May 2026. Some undergraduate bursary scheme pages redirected and full 2026-27 details not confirmed. Refer to official Durham University website or contact scholarships.advice@durham.ac.uk for real-time eligibility confirmation and application details. College scholarship deadlines and specific amounts for some 2026-27 awards not yet finalized.
Durham University,Independent Student Bursary Scheme,NOT_FOUND,NOT_FOUND,NOT_FOUND,All undergraduate courses eligible,UK home students,True,"Assessed as independent by Student Finance England; under 25 years old at course start; includes care-experienced students, care leavers, estranged students, and other young independent students",Student Finance England assessment showing independent status,False,True,Declare care-experienced/independent status on UCAS form or email du.cares@durham.ac.uk | Award made automatically if assessed as eligible by Student Finance England,UCAS application deadline or notification to university before arrival,https://www.dur.ac.uk/study/access-and-participation/support-for-estranged-care-experienced-and-early-independent-students-eace-/,2026-05-02,medium,Data sourced from official Durham University scholarship pages (www.dur.ac.uk/study/scholarships/) current as of May 2026. Some undergraduate bursary scheme pages redirected and full 2026-27 details not confirmed. Refer to official Durham University website or contact scholarships.advice@durham.ac.uk for real-time eligibility confirmation and application details. College scholarship deadlines and specific amounts for some 2026-27 awards not yet finalized.
Durham University,Student Support Fund,NOT_FOUND,NOT_FOUND,NOT_FOUND,All undergraduate courses eligible,Primarily UK home students,True,For students experiencing unexpected financial hardship during their studies,Evidence of financial hardship | Student Finance assessment,True,False,Contact Bursaries and Student Financial Support team | Submit evidence of hardship,Ongoing (assessed as applications received),https://www.dur.ac.uk/colleges-and-student-experience/student-support-and-wellbeing/student-immigration-and-funding-service/bursaries-and-student-financial-support-team/,2026-05-02,medium,Data sourced from official Durham University scholarship pages (www.dur.ac.uk/study/scholarships/) current as of May 2026. Some undergraduate bursary scheme pages redirected and full 2026-27 details not confirmed. Refer to official Durham University website or contact scholarships.advice@durham.ac.uk for real-time eligibility confirmation and application details. College scholarship deadlines and specific amounts for some 2026-27 awards not yet finalized.
Durham University,Durham Master's Bursaries,Holding offer from Durham University,NOT_FOUND,NOT_FOUND,"All taught Master's programmes (MA, MSc, MSCR)",UK home students,True,Low-income students; assessed by Student Finance England income threshold,Student Finance assessment,False,True,Apply for postgraduate student finance | Award made based on household income assessment,Student Finance application deadline,https://www.dur.ac.uk/study/scholarships/postgraduate/,2026-05-02,medium,Data sourced from official Durham University scholarship pages (www.dur.ac.uk/study/scholarships/) current as of May 2026. Some undergraduate bursary scheme pages redirected and full 2026-27 details not confirmed. Refer to official Durham University website or contact scholarships.advice@durham.ac.uk for real-time eligibility confirmation and application details. College scholarship deadlines and specific amounts for some 2026-27 awards not yet finalized.
Durham University,Salters' Fellowship,Degree in Chemistry or related discipline,NOT_FOUND,NOT_FOUND,Master's degree in complementary subject to Chemistry,Home fee status (UK/EU eligible),False,Talented chemistry graduates from disadvantaged backgrounds,Academic transcripts | Evidence of disadvantaged background,True,False,Submit application through Durham scholarships portal | Demonstrate disadvantaged background,"May 31, 2026",https://www.dur.ac.uk/study/scholarships/postgraduate/,2026-05-02,medium,Data sourced from official Durham University scholarship pages (www.dur.ac.uk/study/scholarships/) current as of May 2026. Some undergraduate bursary scheme pages redirected and full 2026-27 details not confirmed. Refer to official Durham University website or contact scholarships.advice@durham.ac.uk for real-time eligibility confirmation and application details. College scholarship deadlines and specific amounts for some 2026-27 awards not yet finalized.
Durham University,British Council Women in STEM,Admission to Master's programme,NOT_FOUND,NOT_FOUND,Master's in STEM subjects,Female students from Wider Europe (eligible countries specified on British Council website),False,Female international students interested in STEM,Proof of eligible nationality | Academic qualifications,True,False,Apply through British Council | Provide academic offer from Durham,"April 30, 2026",https://www.dur.ac.uk/study/scholarships/postgraduate/,2026-05-02,medium,Data sourced from official Durham University scholarship pages (www.dur.ac.uk/study/scholarships/) current as of May 2026. Some undergraduate bursary scheme pages redirected and full 2026-27 details not confirmed. Refer to official Durham University website or contact scholarships.advice@durham.ac.uk for real-time eligibility confirmation and application details. College scholarship deadlines and specific amounts for some 2026-27 awards not yet finalized.
Durham University,Chevening Scholarships (Postgraduate Taught),Admission to Master's programme,NOT_FOUND,IELTS 6.5 or equivalent (typical for UK),Taught Master's in any subject,Citizens of Chevening-eligible countries; must intend to return to home country for minimum 2 years after completion,False,Leadership potential; community contribution experience,Passport | Academic qualifications | References | Personal statement,True,False,Apply through Chevening website | Provide Durham University offer,"October 7, 2025",https://www.dur.ac.uk/study/scholarships/postgraduate/,2026-05-02,medium,Data sourced from official Durham University scholarship pages (www.dur.ac.uk/study/scholarships/) current as of May 2026. Some undergraduate bursary scheme pages redirected and full 2026-27 details not confirmed. Refer to official Durham University website or contact scholarships.advice@durham.ac.uk for real-time eligibility confirmation and application details. College scholarship deadlines and specific amounts for some 2026-27 awards not yet finalized.
Durham University,Commonwealth Masters Scholarships (Postgraduate Taught),Admission to Master's programme,NOT_FOUND,IELTS 6.5 or equivalent,Taught Master's in any subject,Citizens of low and middle-income Commonwealth countries,False,"Funding by UK Foreign, Commonwealth & Development Office (FCDO)",Passport | Academic qualifications | References,True,False,Register for Commonwealth Scholarships portal | Apply with Durham offer,"October 14, 2025",https://www.dur.ac.uk/study/scholarships/postgraduate/,2026-05-02,medium,Data sourced from official Durham University scholarship pages (www.dur.ac.uk/study/scholarships/) current as of May 2026. Some undergraduate bursary scheme pages redirected and full 2026-27 details not confirmed. Refer to official Durham University website or contact scholarships.advice@durham.ac.uk for real-time eligibility confirmation and application details. College scholarship deadlines and specific amounts for some 2026-27 awards not yet finalized.
Durham University,Durham Inspiring Excellence £5k or £10k (Postgraduate Taught),Offer from Durham University,NOT_FOUND,Program requirements,All taught Master's programmes starting September 2026,All new international students (PGT),False,Competitive award based on academic merit,Durham offer letter,False,True,Automatically considered upon receiving offer,Rolling (see webpage for specific dates),https://www.dur.ac.uk/study/scholarships/postgraduate/,2026-05-02,medium,Data sourced from official Durham University scholarship pages (www.dur.ac.uk/study/scholarships/) current as of May 2026. Some undergraduate bursary scheme pages redirected and full 2026-27 details not confirmed. Refer to official Durham University website or contact scholarships.advice@durham.ac.uk for real-time eligibility confirmation and application details. College scholarship deadlines and specific amounts for some 2026-27 awards not yet finalized.
Durham University,Durham Inspiring Excellence £5k or £10k (Undergraduate),Offer from Durham University,NOT_FOUND,Program requirements,Eligible undergraduate programmes starting September 2026,All new international students (Undergraduate),False,Competitive award based on academic merit,Durham offer letter,False,True,Automatically considered upon receiving offer,Rolling (see webpage for specific dates),https://www.dur.ac.uk/study/scholarships/international/,2026-05-02,medium,Data sourced from official Durham University scholarship pages (www.dur.ac.uk/study/scholarships/) current as of May 2026. Some undergraduate bursary scheme pages redirected and full 2026-27 details not confirmed. Refer to official Durham University website or contact scholarships.advice@durham.ac.uk for real-time eligibility confirmation and application details. College scholarship deadlines and specific amounts for some 2026-27 awards not yet finalized.
Durham University,Jeremy Vine Scholarship in English Literature,Admission to English Literature degree,NOT_FOUND,NOT_FOUND,Degree in English Studies,UK applicants,True,Low household income required,Student Finance assessment,False,True,Based on Student Finance assessment,Student Finance deadline,https://www.dur.ac.uk/study/scholarships/college-and-department/,2026-05-02,medium,Data sourced from official Durham University scholarship pages (www.dur.ac.uk/study/scholarships/) current as of May 2026. Some undergraduate bursary scheme pages redirected and full 2026-27 details not confirmed. Refer to official Durham University website or contact scholarships.advice@durham.ac.uk for real-time eligibility confirmation and application details. College scholarship deadlines and specific amounts for some 2026-27 awards not yet finalized.
Durham University,Bryan Johns Scholarships (Mathematics),Admission to Mathematics programme,NOT_FOUND,NOT_FOUND,Mathematics programme,Preference for North East England residents,True,"Household income below £62,377; preference to participants in Maths Summer Schools, Supported Progression, or Sutton Trust Summer Schools",Student Finance assessment | Evidence of participation in support programmes (if applicable),False,True,Based on Student Finance assessment and application information,Student Finance deadline,https://www.dur.ac.uk/study/scholarships/college-and-department/,2026-05-02,medium,Data sourced from official Durham University scholarship pages (www.dur.ac.uk/study/scholarships/) current as of May 2026. Some undergraduate bursary scheme pages redirected and full 2026-27 details not confirmed. Refer to official Durham University website or contact scholarships.advice@durham.ac.uk for real-time eligibility confirmation and application details. College scholarship deadlines and specific amounts for some 2026-27 awards not yet finalized.
Durham University,Global Masters Scholarship (Mathematical Sciences),"Admission to Master's in Mathematical Sciences or Particles, Strings and Cosmology",NOT_FOUND,NOT_FOUND,"Master's in Mathematical Sciences or MSc Particles, Strings and Cosmology",Students from low or middle-income countries,True,Partnership between Trevelyon College and Department of Mathematical Sciences,Academic qualifications | Proof of eligibility (low-income country status),False,True,Considered as part of application process,Master's programme application deadline,https://www.dur.ac.uk/study/scholarships/college-and-department/,2026-05-02,medium,Data sourced from official Durham University scholarship pages (www.dur.ac.uk/study/scholarships/) current as of May 2026. Some undergraduate bursary scheme pages redirected and full 2026-27 details not confirmed. Refer to official Durham University website or contact scholarships.advice@durham.ac.uk for real-time eligibility confirmation and application details. College scholarship deadlines and specific amounts for some 2026-27 awards not yet finalized.
Durham University,College Scholarships (Multiple Colleges),Varies by college,NOT_FOUND,NOT_FOUND,Varies by college and scholarship,Primarily UK students; varies,NOT_FOUND,Household income thresholds vary; specific eligibility criteria per college,Common college scholarship application form (single form for multiple colleges),True,False,Complete common college scholarship application form | Rank preferred colleges | Automatic consideration by ranked colleges if not awarded first choice,Typically during academic year; contact colleges for 2026-27 dates,https://www.dur.ac.uk/study/scholarships/college-and-department/,2026-05-02,medium,Data sourced from official Durham University scholarship pages (www.dur.ac.uk/study/scholarships/) current as of May 2026. Some undergraduate bursary scheme pages redirected and full 2026-27 details not confirmed. Refer to official Durham University website or contact scholarships.advice@durham.ac.uk for real-time eligibility confirmation and application details. College scholarship deadlines and specific amounts for some 2026-27 awards not yet finalized.
Durham University,Alumni Fee Scholarship,Not_FOUND,NOT_FOUND,NOT_FOUND,All postgraduate taught and PGCE programmes across all faculties,Durham University alumni only,False,Must be graduate of Durham University,Proof of Durham University degree,True,False,Apply through scholarships portal | Provide proof of Durham degree,Rolling (see webpage),https://www.dur.ac.uk/study/scholarships/alumni/,2026-05-02,medium,Data sourced from official Durham University scholarship pages (www.dur.ac.uk/study/scholarships/) current as of May 2026. Some undergraduate bursary scheme pages redirected and full 2026-27 details not confirmed. Refer to official Durham University website or contact scholarships.advice@durham.ac.uk for real-time eligibility confirmation and application details. College scholarship deadlines and specific amounts for some 2026-27 awards not yet finalized.
Durham University,North East Scholarships,Varies,NOT_FOUND,NOT_FOUND,Varies,North East England residents,NOT_FOUND,"Residency in North East England (postcodes CA, DH, DL, NE, SR, TS)",Proof of North East residency | Student Finance assessment (where applicable),NOT_FOUND,NOT_FOUND,Contact Scholarships and Student Funding Office for eligibility,Varies by scholarship,https://www.dur.ac.uk/study/scholarships/north-east/,2026-05-02,medium,Data sourced from official Durham University scholarship pages (www.dur.ac.uk/study/scholarships/) current as of May 2026. Some undergraduate bursary scheme pages redirected and full 2026-27 details not confirmed. Refer to official Durham University website or contact scholarships.advice@durham.ac.uk for real-time eligibility confirmation and application details. College scholarship deadlines and specific amounts for some 2026-27 awards not yet finalized.
Durham University,Ruth First Educational Trust Scholarship,Admission to postgraduate programme,NOT_FOUND,NOT_FOUND,All postgraduate programmes,South African applicants from historically disadvantaged backgrounds,False,Must demonstrate disadvantaged background,Academic qualifications | Evidence of disadvantaged background | References,True,False,Apply through scholarship portal | Provide supporting documentation,"February 28, 2026",https://www.dur.ac.uk/study/scholarships/postgraduate/,2026-05-02,medium,Data sourced from official Durham University scholarship pages (www.dur.ac.uk/study/scholarships/) current as of May 2026. Some undergraduate bursary scheme pages redirected and full 2026-27 details not confirmed. Refer to official Durham University website or contact scholarships.advice@durham.ac.uk for real-time eligibility confirmation and application details. College scholarship deadlines and specific amounts for some 2026-27 awards not yet finalized.
Durham University,Said Foundation Scholarship (Postgraduate Taught),Admission to taught Master's,NOT_FOUND,NOT_FOUND,All taught Master's programmes,"Students from Syria, Palestine, Lebanon, and Jordan",False,Must demonstrate potential to become leaders and innovators of change,Passport/proof of nationality | Academic qualifications | Statement of purpose,True,False,Apply through Saïd Foundation website | Follow their application timetable,See Saïd Foundation website,https://www.dur.ac.uk/study/scholarships/postgraduate/,2026-05-02,medium,Data sourced from official Durham University scholarship pages (www.dur.ac.uk/study/scholarships/) current as of May 2026. Some undergraduate bursary scheme pages redirected and full 2026-27 details not confirmed. Refer to official Durham University website or contact scholarships.advice@durham.ac.uk for real-time eligibility confirmation and application details. College scholarship deadlines and specific amounts for some 2026-27 awards not yet finalized.
Durham University,Chinese Scholarship Council (Postgraduate Research),PhD admision,NOT_FOUND,IELTS 6.5 or equivalent,PhD/Doctoral research programme,Citizens and permanent residents of mainland China,False,Partnership with Chinese government,Passport | Academic qualifications | PhD proposal | References,True,False,Apply through CSC website | Submit Durham PhD offer,"January 16, 2026",https://www.dur.ac.uk/study/scholarships/postgraduate/,2026-05-02,medium,Data sourced from official Durham University scholarship pages (www.dur.ac.uk/study/scholarships/) current as of May 2026. Some undergraduate bursary scheme pages redirected and full 2026-27 details not confirmed. Refer to official Durham University website or contact scholarships.advice@durham.ac.uk for real-time eligibility confirmation and application details. College scholarship deadlines and specific amounts for some 2026-27 awards not yet finalized.
Imperial College London,Imperial Bursary,NOT_FOUND,NOT_FOUND,NOT_FOUND,Undergraduate degree only,Home fee status only (UK/EU eligible residents),True,"Household income below £70,000; must apply for means-tested government loan",Household income information (via government funding body application),False,True,"Apply for means-tested government loan (e.g., Maintenance Loan from Student Finance England) | Submit household income information to regional funding body | College automatically assesses eligibility based on income | College sends confirmation via email","31 May 2027 (for 2026-27 entrants, after academic year start)",https://www.imperial.ac.uk/study/fees-and-funding/undergraduate/bursaries-grants-scholarships/imperial-bursary/,2026-05-02,high,"Information sourced from official Imperial College London scholarship search pages and dedicated scholarship pages for 2026/27 academic year. All URLs are current as of May 2, 2026. Some scholarship deadlines have already passed (showing as Closed), but information is accurate as published. Not all fields available for every scholarship; used NOT_FOUND where official sources did not provide specific details. Focused on central university scholarships and bursaries rather than small departmental awards."
Imperial College London,President's PhD Scholarships,First-class undergraduate degree or distinction in standalone Master's,NOT_FOUND,NOT_FOUND,PhD programme in eligible departments (23 departments listed),No restrictions; open to Home and Overseas,False,New entrants only; must have agreed supervisor; 50 awards available,PhD application through standard admissions system | Supervisor agreement confirmation,False,False,Contact potential supervisor in eligible department | Apply for PhD admission through online admissions system | Department nominates based on academic merit and potential | Selection in three rounds (final round deadline 2 March 2026),Round 3: 2 March 2026 (23:59 UK time),https://www.imperial.ac.uk/study/fees-and-funding/scholarships-search/presidents-phd-scholarships-20262027.php,2026-05-02,high,"Information sourced from official Imperial College London scholarship search pages and dedicated scholarship pages for 2026/27 academic year. All URLs are current as of May 2, 2026. Some scholarship deadlines have already passed (showing as Closed), but information is accurate as published. Not all fields available for every scholarship; used NOT_FOUND where official sources did not provide specific details. Focused on central university scholarships and bursaries rather than small departmental awards."
Imperial College London,Imperial Excellence Scholarship,Strong all-round application with excellent academic background,NOT_FOUND,NOT_FOUND,13 eligible MSc programmes at Business School,Home and Overseas,False,New entrants only; strong performance in interview required,MSc application (standard process) | Interview participation,False,True,"Apply for eligible MSc in admission rounds 1 or 2 | Automatically considered for scholarship if offer received | Notification: Round 1 (15 December), Round 2 (30 March)",Admission round specific (Round 2: 30 March),https://www.imperial.ac.uk/study/fees-and-funding/scholarships-search/imperial-excellence-scholarship-20262027.php,2026-05-02,high,"Information sourced from official Imperial College London scholarship search pages and dedicated scholarship pages for 2026/27 academic year. All URLs are current as of May 2, 2026. Some scholarship deadlines have already passed (showing as Closed), but information is accurate as published. Not all fields available for every scholarship; used NOT_FOUND where official sources did not provide specific details. Focused on central university scholarships and bursaries rather than small departmental awards."
Imperial College London,Imperial Excellence Bursary,Exceptional academic merit and/or potential,NOT_FOUND,NOT_FOUND,Any MSc programme at Business School,Home and Overseas,True,New entrants only; self-funded students only; strong professional experience required,MSc application | Video assessment after offer,False,False,"Apply for MSc in rounds 1 or 2 | Receive offer | Complete video assessment | Notification: Round 1 (mid-December), Round 2 (early April)",Limited awards available; early application recommended,https://www.imperial.ac.uk/study/fees-and-funding/scholarships-search/imperial-excellence-bursary-20262027.php,2026-05-02,high,"Information sourced from official Imperial College London scholarship search pages and dedicated scholarship pages for 2026/27 academic year. All URLs are current as of May 2, 2026. Some scholarship deadlines have already passed (showing as Closed), but information is accurate as published. Not all fields available for every scholarship; used NOT_FOUND where official sources did not provide specific details. Focused on central university scholarships and bursaries rather than small departmental awards."
Imperial College London,Dean's Impact Scholarship,Strong all-round application with excellent academic background,NOT_FOUND,NOT_FOUND,13 eligible MSc and MBA programmes at Business School,Home and Overseas,False,"New entrants only; demonstrable impact in entrepreneurship, technology, sustainability, social impact, or leadership; excellent communication skills",Programme application | Video assessment after offer,False,False,Apply for eligible programme | Receive offer | Complete video assessment | Decisions made throughout admissions cycle,NOT_FOUND (admissions cycle dependent),https://www.imperial.ac.uk/study/fees-and-funding/scholarships-search/deans-impact-scholarship-20262027.php,2026-05-02,high,"Information sourced from official Imperial College London scholarship search pages and dedicated scholarship pages for 2026/27 academic year. All URLs are current as of May 2, 2026. Some scholarship deadlines have already passed (showing as Closed), but information is accurate as published. Not all fields available for every scholarship; used NOT_FOUND where official sources did not provide specific details. Focused on central university scholarships and bursaries rather than small departmental awards."
Imperial College London,Empowering Futures Scholarship,Strong academic background and demonstrated potential,NOT_FOUND,NOT_FOUND,MSc Finance only,Home and Overseas,True,New entrants only; first-generation student or from financially disadvantaged background; professional experience via internships/work required,MSc Finance application | Video assessment after offer,False,False,"Apply for MSc Finance in rounds 1 or 2 | Receive offer | Complete video assessment | Notification: Round 1 (15 December), Round 2 (30 March)",Admission round dependent,https://www.imperial.ac.uk/study/fees-and-funding/scholarships-search/empowering-futures-scholarship-20262027.php,2026-05-02,high,"Information sourced from official Imperial College London scholarship search pages and dedicated scholarship pages for 2026/27 academic year. All URLs are current as of May 2, 2026. Some scholarship deadlines have already passed (showing as Closed), but information is accurate as published. Not all fields available for every scholarship; used NOT_FOUND where official sources did not provide specific details. Focused on central university scholarships and bursaries rather than small departmental awards."
Imperial College London,Imperial Loyalty Bursary,Upper Second Class Honours (undergraduate) or Merit (Master's) minimum,2.1 or equivalent for undergraduate; Merit for Master's,NOT_FOUND,13 eligible MSc and MBA programmes at Business School,Home and Overseas,False,Imperial alumni only; new entrants to postgraduate programme,Evidence of prior Imperial degree or completion,False,True,Apply for eligible MSc or MBA in rounds 1 or 2 | Automatically awarded if offer received | Limited availability; early application recommended,Round 2 recommended; applications after round 2 not guaranteed,https://www.imperial.ac.uk/study/fees-and-funding/scholarships-search/imperial-loyalty-bursary-20262027.php,2026-05-02,high,"Information sourced from official Imperial College London scholarship search pages and dedicated scholarship pages for 2026/27 academic year. All URLs are current as of May 2, 2026. Some scholarship deadlines have already passed (showing as Closed), but information is accurate as published. Not all fields available for every scholarship; used NOT_FOUND where official sources did not provide specific details. Focused on central university scholarships and bursaries rather than small departmental awards."
Imperial College London,Sanctuary Scholarship - Undergraduate,Offer received from Imperial,NOT_FOUND,NOT_FOUND,Any undergraduate programme across all departments,"Refugees, humanitarian protection holders, or asylum seekers only; no nationality restrictions within these categories",False,New entrants only; must provide proof of immigration status or explanation; offer by deadline required,"UCAS offer letter | Proof of immigration status (refugee status, humanitarian protection, or asylum claim documentation)",True,False,"Receive UCAS offer by 24 April 2026 | Complete Sanctuary Scholarship application form (Qualtrics online form) | Provide personal statement addressing study choice, barriers faced, financial circumstances | Upload proof of immigration status | Outcome notification by 30 June 2026",24 April 2026 (23:59 UK time),https://www.imperial.ac.uk/study/fees-and-funding/scholarships-search/sanctuary-scholarship---undergraduate-20262027.php,2026-05-02,high,"Information sourced from official Imperial College London scholarship search pages and dedicated scholarship pages for 2026/27 academic year. All URLs are current as of May 2, 2026. Some scholarship deadlines have already passed (showing as Closed), but information is accurate as published. Not all fields available for every scholarship; used NOT_FOUND where official sources did not provide specific details. Focused on central university scholarships and bursaries rather than small departmental awards."
Imperial College London,Sanctuary Scholarship - Postgraduate,One-year full-time or two-year part-time Master's course offer,NOT_FOUND,NOT_FOUND,"One-year full-time or two-year part-time Master's in eligible faculties (Engineering, Medicine, Natural Sciences, Business School, Languages/Culture/Communication); excludes online/distance learning, MBA, and certain design programmes","Refugees, humanitarian protection holders, or asylum seekers only",False,New entrants only; must provide proof of immigration status or explanation,"Master's programme offer | Proof of immigration status (refugee, humanitarian protection, or asylum claim documentation) | Application fee waiver documentation (if applicable)",True,False,"Submit Master's application through Imperial portal and receive offer by 24 April 2026 | Complete Sanctuary Scholarship application form (Qualtrics online form) | Provide personal statement addressing study choice, barriers faced, financial circumstances | Upload proof of immigration status | Outcome notification by 30 June 2026",24 April 2026 (23:59 UK time) for both Master's offer and scholarship application,https://www.imperial.ac.uk/study/fees-and-funding/scholarships-search/sanctuary-scholarship---postgraduate-20262027.php,2026-05-02,high,"Information sourced from official Imperial College London scholarship search pages and dedicated scholarship pages for 2026/27 academic year. All URLs are current as of May 2, 2026. Some scholarship deadlines have already passed (showing as Closed), but information is accurate as published. Not all fields available for every scholarship; used NOT_FOUND where official sources did not provide specific details. Focused on central university scholarships and bursaries rather than small departmental awards."
Imperial College London,Commonwealth Shared Scholarship,Upper Second Class Honours (2:1) OR Second Class (2:2) with relevant postgraduate qualification,2.1 or 2.2 with Master's degree,Must meet College English entry requirements by 30 June 2026,"Three specific eligible MSc programmes (Human and Biological Robotics, Biomedical Engineering, Advanced Chemical Engineering)","Commonwealth country citizens, British Protected Persons, or refugees from Commonwealth countries; must be permanent resident of eligible Commonwealth country",True,New entrants only; must return to home country within one month of scholarship end; cannot have studied/worked in high-income country for one academic year or more; nominated (not self-applied),Imperial Master's application | Commonwealth Scholarships application (via CSC website) | All supporting documentation in required format | English language proficiency test results,True,False,Apply for eligible Imperial MSc course by 7 January 2026 deadline | Apply for Commonwealth Scholarship through CSC website by 9 December 2025 | College receives applications and forwarding nominations | CSC selects award winners in February 2026 | Outcome notification by 1 April 2026 at latest,Commonwealth Scholarship: 9 December 2025 (16:00 GMT); Imperial course application: 7 January 2026 (23:59 GMT),https://www.imperial.ac.uk/study/fees-and-funding/scholarships-search/commonwealth-shared-scholarship-20262027.php,2026-05-02,high,"Information sourced from official Imperial College London scholarship search pages and dedicated scholarship pages for 2026/27 academic year. All URLs are current as of May 2, 2026. Some scholarship deadlines have already passed (showing as Closed), but information is accurate as published. Not all fields available for every scholarship; used NOT_FOUND where official sources did not provide specific details. Focused on central university scholarships and bursaries rather than small departmental awards."
Loughborough University,Loughborough University Bursary,No specific academic requirement,NOT_FOUND,NOT_FOUND,Any undergraduate course,"UK permanent residents, excluding Wales, Isle of Man, Channel Islands",True,"Annual household income up to £30,000; must apply for UK government student maintenance loan",Student Finance application | Household income documentation,False,True,Apply for Student Finance England or equivalent | Give consent to share information with University | University assesses eligibility in October,Student Finance application deadline,https://www.lboro.ac.uk/study/undergraduate/fees-funding/scholarships/loughborough-university-bursary/,2026-05-02,high,Data sourced from official Loughborough University website (lboro.ac.uk). Undergraduate scholarships page last updated with 2026/27 information. Postgraduate scholarships and deadlines verified. Some specific details like exact application procedures and documents not publicly specified; indicated as NOT_FOUND where official sources did not provide details. All deadlines are for 2026 entry.
Loughborough University,Opportunity Scholarships,A-level AAB or above (or equivalent),AAB equivalent,NOT_FOUND,Any undergraduate course,UK students with verified free school meal status,True,"Household income £20,000 or below (£30,000 for access programme participants); must select Loughborough as firm choice on UCAS",UCAS application with free school meal verification | Student Loans Company income verification | Parental/guardian consent for data sharing,False,True,Receive offer and select as firm choice on UCAS | Apply for maintenance loan through Student Loans Company | Staff committee reviews eligible students after A-level results,A-level results day (August 2026),https://www.lboro.ac.uk/study/undergraduate/fees-funding/scholarships/opportunity-scholarships/,2026-05-02,high,Data sourced from official Loughborough University website (lboro.ac.uk). Undergraduate scholarships page last updated with 2026/27 information. Postgraduate scholarships and deadlines verified. Some specific details like exact application procedures and documents not publicly specified; indicated as NOT_FOUND where official sources did not provide details. All deadlines are for 2026 entry.
Loughborough University,International Excellence Scholarships,AAA from three A-levels (or equivalent); A*AA for specific engineering/science courses,AAA or A*AA,NOT_FOUND,Most undergraduate courses except Foundation programmes,International fee-paying students only,False,Must select Loughborough as firm choice through UCAS; self-funded; no other university awards; conditions must be met in one sitting,UCAS application | A-level or equivalent qualification documentation,False,True,Apply through UCAS | Receive offer | Automatically considered based on application,UCAS application deadline,https://www.lboro.ac.uk/study/undergraduate/fees-funding/scholarships/international-excellence-scholarships/,2026-05-02,high,Data sourced from official Loughborough University website (lboro.ac.uk). Undergraduate scholarships page last updated with 2026/27 information. Postgraduate scholarships and deadlines verified. Some specific details like exact application procedures and documents not publicly specified; indicated as NOT_FOUND where official sources did not provide details. All deadlines are for 2026 entry.
Loughborough University,Future Leaders Scholarship,Demonstrated leadership potential and commitment to achieving extraordinary things,NOT_FOUND,NOT_FOUND,Any undergraduate degree,International fee-paying students only,False,Must have offer to study; must be self-funded with proof of remaining costs; application required,Leadership demonstration/application form | Proof of remaining funds | UCAS offer letter,True,False,Receive undergraduate offer | Complete Future Leaders application form | Submit by deadline,6 May 2026,https://www.lboro.ac.uk/study/undergraduate/fees-funding/scholarships/future-leaders-scholarship/,2026-05-02,high,Data sourced from official Loughborough University website (lboro.ac.uk). Undergraduate scholarships page last updated with 2026/27 information. Postgraduate scholarships and deadlines verified. Some specific details like exact application procedures and documents not publicly specified; indicated as NOT_FOUND where official sources did not provide details. All deadlines are for 2026 entry.
Loughborough University,Care Leaver Bursary,No specific academic requirement,NOT_FOUND,NOT_FOUND,Any undergraduate course,"UK students only, excluding Channel Islands and Isle of Man",False,Young person in care of local authority for at least 13 weeks since age 14; must be under 21 at course start,Care leaver verification from local authority | Application form,True,False,Complete Care Leaver Bursary application form | Liaise with Student Advice and Support Service | Submit before end of academic year,Before end of academic year (31 July 2026),https://www.lboro.ac.uk/study/undergraduate/fees-funding/scholarships/care-leaver-bursary/,2026-05-02,high,Data sourced from official Loughborough University website (lboro.ac.uk). Undergraduate scholarships page last updated with 2026/27 information. Postgraduate scholarships and deadlines verified. Some specific details like exact application procedures and documents not publicly specified; indicated as NOT_FOUND where official sources did not provide details. All deadlines are for 2026 entry.
Loughborough University,Loughborough University Sanctuary Scholarship (Undergraduate),Exceptional academic achievement,NOT_FOUND,NOT_FOUND,Any undergraduate course,International students from conflict/war regions,False,Must hold conditional or unconditional offer; fleeing conflict/persecution; imminent risk to life or safety,"University offer letter | Sanctuary scholarship application form | Evidence of conflict/persecution | Proof of funds for travel, living and maintenance costs",True,False,Receive offer to undergraduate programme | Complete sanctuary scholarship application form | Submit completed form | Shortlisting and selection panel review,6 May 2026,https://www.lboro.ac.uk/study/undergraduate/fees-funding/scholarships/sanctuary-scholarships/,2026-05-02,high,Data sourced from official Loughborough University website (lboro.ac.uk). Undergraduate scholarships page last updated with 2026/27 information. Postgraduate scholarships and deadlines verified. Some specific details like exact application procedures and documents not publicly specified; indicated as NOT_FOUND where official sources did not provide details. All deadlines are for 2026 entry.
Loughborough University,Sport Scholarships (Undergraduate),No specific academic requirement,NOT_FOUND,NOT_FOUND,Any undergraduate course,UK and International students,False,"Must be competing at junior international level or above; selected sports only (athletics, badminton, basketball, cricket, cycling, football, hockey, netball, rugby, squash, swimming, tennis, triathlon, wheelchair basketball)",Sports performance evidence | Competitive history documentation,True,False,Contact Sports Scholarships team | Submit sports achievement evidence | Performance assessment and interview,NOT_FOUND,https://www.lboro.ac.uk/study/undergraduate/fees-funding/scholarships/sport-scholarships/,2026-05-02,high,Data sourced from official Loughborough University website (lboro.ac.uk). Undergraduate scholarships page last updated with 2026/27 information. Postgraduate scholarships and deadlines verified. Some specific details like exact application procedures and documents not publicly specified; indicated as NOT_FOUND where official sources did not provide details. All deadlines are for 2026 entry.
Loughborough University,Women in Science Bursary,No specific entry requirement; must maintain 2:1 or above each year,2:1 (60%) for continuation,NOT_FOUND,"Maths, Computer Science, Chemistry, Physics, Natural Sciences undergraduate programmes",UK and International students,False,"Women applicants; priority to underrepresented groups (BAME, disability, caring responsibilities, refugees, low participation areas)","Application form | Statement (ca. 500 words) on interest in science, women in science retention, bursary impact",True,False,Complete application form | Write motivation statement | Submit online application,3 June 2026,https://www.lboro.ac.uk/study/undergraduate/fees-funding/scholarships/women-in-science-bursary/,2026-05-02,high,Data sourced from official Loughborough University website (lboro.ac.uk). Undergraduate scholarships page last updated with 2026/27 information. Postgraduate scholarships and deadlines verified. Some specific details like exact application procedures and documents not publicly specified; indicated as NOT_FOUND where official sources did not provide details. All deadlines are for 2026 entry.
Loughborough University,Global Impact Scholarship (Postgraduate Masters),Evidence of exceptional academic achievement; normally first-class honours degree,First-class equivalent,NOT_FOUND,Any eligible master's programme,International students from designated developing countries (limited list),False,Must hold conditional or unconditional offer; commitment to home country development (no return requirement); strong evidence of motivation and initiative to secure remaining funds,Master's programme offer letter | First-class degree certification | Motivation statement | Evidence of funds for remaining costs,True,False,Receive master's offer | Complete Global Impact scholarship application | Submit via application form | Shortlisting and selection panel review,6 May 2026 (must have applied for programme by 15 April 2026),https://www.lboro.ac.uk/study/postgraduate/fees-funding/masters-funding/global-impact-scholarship/,2026-05-02,high,Data sourced from official Loughborough University website (lboro.ac.uk). Undergraduate scholarships page last updated with 2026/27 information. Postgraduate scholarships and deadlines verified. Some specific details like exact application procedures and documents not publicly specified; indicated as NOT_FOUND where official sources did not provide details. All deadlines are for 2026 entry.
Loughborough University,Chevening Partnership Scholarships (Postgraduate Masters),High calibre graduate with leadership qualities,NOT_FOUND,NOT_FOUND,Any one-year master's programme,Citizens of 160+ Chevening-eligible countries (excludes USA and EU countries),False,"Completed undergraduate degree; minimum 2 years (2,800 hours) work experience; must return to home country for minimum 2 years after award; selected Loughborough as firm choice",Undergraduate degree certificate | Work experience evidence | Master's offer letter | Chevening application form,True,False,Complete Chevening online application | Apply through Chevening website | Loughborough receives nominations from Chevening,Closed for 2026,https://www.lboro.ac.uk/study/postgraduate/fees-funding/masters-funding/chevening-scholarships/,2026-05-02,high,Data sourced from official Loughborough University website (lboro.ac.uk). Undergraduate scholarships page last updated with 2026/27 information. Postgraduate scholarships and deadlines verified. Some specific details like exact application procedures and documents not publicly specified; indicated as NOT_FOUND where official sources did not provide details. All deadlines are for 2026 entry.
Loughborough University,Loughborough University Sanctuary Scholarship (Postgraduate),Exceptional academic achievement,NOT_FOUND,NOT_FOUND,Any master's programme,International students from conflict/war regions,False,Must hold conditional or unconditional offer; fleeing conflict/persecution; imminent risk to life or safety; high standard application required,Master's offer letter | Application form | Evidence of conflict/persecution | Proof of remaining funds,True,False,Receive master's offer | Complete sanctuary application form | Submit via application portal | Shortlisting and senior staff selection,6 May 2026,https://www.lboro.ac.uk/study/postgraduate/fees-funding/masters-funding/sanctuary-scholarships/,2026-05-02,high,Data sourced from official Loughborough University website (lboro.ac.uk). Undergraduate scholarships page last updated with 2026/27 information. Postgraduate scholarships and deadlines verified. Some specific details like exact application procedures and documents not publicly specified; indicated as NOT_FOUND where official sources did not provide details. All deadlines are for 2026 entry.
Loughborough University,London Global Excellence Scholarship (Postgraduate Masters),Not specified; disruptive thinking and commitment to change required,NOT_FOUND,NOT_FOUND,Any full-time master's at Loughborough University London only,UK and International students,False,"Demonstrate disruptive thinking aligned with Climate Change, Vibrant Communities, or Sport/Health/Wellbeing themes; must have offer from London campus",Master's offer letter from London campus | Application form outlining commitment to change,True,False,Receive master's offer from London campus | Complete Global Excellence application | Submit by deadline | Dean and Senior Leadership Team review,6 May 2026,https://www.lboro.ac.uk/study/postgraduate/fees-funding/masters-funding/global-excellence-scholarship/,2026-05-02,high,Data sourced from official Loughborough University website (lboro.ac.uk). Undergraduate scholarships page last updated with 2026/27 information. Postgraduate scholarships and deadlines verified. Some specific details like exact application procedures and documents not publicly specified; indicated as NOT_FOUND where official sources did not provide details. All deadlines are for 2026 entry.
Loughborough University,Alumni Bursary (Postgraduate Masters),No specific requirement,NOT_FOUND,NOT_FOUND,Any master's programme,UK and International students,False,Must be Loughborough University graduate (previous degree from Loughborough),Proof of Loughborough undergraduate degree | Master's programme offer,False,True,Apply for master's programme | University checks graduation records | Bursary automatically applied to fees,NOT_FOUND,https://www.lboro.ac.uk/study/postgraduate/fees-funding/masters-funding/alumni-bursary/,2026-05-02,high,Data sourced from official Loughborough University website (lboro.ac.uk). Undergraduate scholarships page last updated with 2026/27 information. Postgraduate scholarships and deadlines verified. Some specific details like exact application procedures and documents not publicly specified; indicated as NOT_FOUND where official sources did not provide details. All deadlines are for 2026 entry.
Loughborough University,Care Leaver's Scholarship (Postgraduate Masters),No specific requirement,NOT_FOUND,NOT_FOUND,Any master's programme,UK and International students,False,Must have received undergraduate Care Leavers' Bursary at Loughborough,Proof of undergraduate Care Leavers' Bursary receipt | Master's offer letter,False,True,University checks previous Care Leavers' Bursary record | Scholarship automatically awarded,NOT_FOUND,https://www.lboro.ac.uk/study/postgraduate/fees-funding/masters-funding/care-leavers-scholarship/,2026-05-02,high,Data sourced from official Loughborough University website (lboro.ac.uk). Undergraduate scholarships page last updated with 2026/27 information. Postgraduate scholarships and deadlines verified. Some specific details like exact application procedures and documents not publicly specified; indicated as NOT_FOUND where official sources did not provide details. All deadlines are for 2026 entry.
University of Bath,The Bath Bursary,No specific academic requirements stated beyond offer acceptance,NOT_FOUND,NOT_FOUND,Full-time undergraduate degree course based on Bath campus,Home UK students only,NOT_FOUND,Started study from September 2024 onwards; eligible for student loans,Household income assessment from student loans awarding agency | UCAS application,False,True,Request household income assessment from Student Finance England or equivalent | Provide permission to share household income with University,26 March 2027 for 2026/27 academic year funding eligibility,https://www.bath.ac.uk/guides/the-bath-bursary/,2026-05-02,high,"Information sourced directly from official University of Bath scholarship pages for academic year 2026/27. Research completed as of May 2, 2026. Some small departmental scholarships and external awards not included; research focused on central university scholarships and bursaries. A few scholarships had applications closed (British Council Scholarships for Women in STEM, CMA CGM Fund, GREAT Scholarships) and were excluded. School of Management has additional specific scholarships with similar application processes."
University of Bath,The Gold Scholarship Programme,Selection based on supporting questions; no GPA threshold specified,NOT_FOUND,NOT_FOUND,Full-time undergraduate degree course based on Bath campus,Home UK students only,NOT_FOUND,New first-year student in 2026/27; discretionary award; up to 50 students per year,"Household income assessment | UCAS application information | Supporting statement responses (3 questions, 250 words each)",True,False,Invite to apply via Application Tracker (mid/late May 2026) | Answer 3 supporting questions (250 words each) | Submit via Application Tracker,27 August 2026 (midday),https://www.bath.ac.uk/guides/the-gold-scholarship-programme/,2026-05-02,high,"Information sourced directly from official University of Bath scholarship pages for academic year 2026/27. Research completed as of May 2, 2026. Some small departmental scholarships and external awards not included; research focused on central university scholarships and bursaries. A few scholarships had applications closed (British Council Scholarships for Women in STEM, CMA CGM Fund, GREAT Scholarships) and were excluded. School of Management has additional specific scholarships with similar application processes."
University of Bath,The Claverton Scholarship Programme,No specific academic requirements; based on application quality,NOT_FOUND,NOT_FOUND,Full-time undergraduate degree course,Not specified,NOT_FOUND,New first-year Bath Bursary recipients starting September 2025 eligible for 2026/27 cohort; requires completion of Claverton Employability Passport,Bath Bursary eligibility confirmation | Online application form | 3 question responses,True,False,Receive email invitation on 1 December 2025 | Complete online form with 3 questions | Read and agree to Terms and Conditions,6 February 2026,https://www.bath.ac.uk/guides/the-claverton-scholarship-programme/,2026-05-02,high,"Information sourced directly from official University of Bath scholarship pages for academic year 2026/27. Research completed as of May 2, 2026. Some small departmental scholarships and external awards not included; research focused on central university scholarships and bursaries. A few scholarships had applications closed (British Council Scholarships for Women in STEM, CMA CGM Fund, GREAT Scholarships) and were excluded. School of Management has additional specific scholarships with similar application processes."
University of Bath,The Accommodation Bursary,Not applicable,NOT_FOUND,NOT_FOUND,Full-time undergraduate degree course,Home UK students only,NOT_FOUND,New first-year student starting 2026/27; must be housed by University; not available for couples accommodation,Household income assessment from student loans awarding agency,False,True,Request household income assessment ahead of studies | Check eligibility via Application Tracker | Award automatically deducted from accommodation fees,12 March 2027,https://www.bath.ac.uk/guides/the-accommodation-bursary/,2026-05-02,high,"Information sourced directly from official University of Bath scholarship pages for academic year 2026/27. Research completed as of May 2, 2026. Some small departmental scholarships and external awards not included; research focused on central university scholarships and bursaries. A few scholarships had applications closed (British Council Scholarships for Women in STEM, CMA CGM Fund, GREAT Scholarships) and were excluded. School of Management has additional specific scholarships with similar application processes."
University of Bath,Bath International Excellence Scholarship (Undergraduate),Strong academic credentials and demonstrable background of achievement required,NOT_FOUND,NOT_FOUND,Any undergraduate degree (except MArch Architecture; BSc Architecture eligible),Overseas fee-paying students only,False,New first-year applicant; must choose Bath as firm choice via UCAS; up to 300 awards available,UCAS application | Online scholarship application form in Application Tracker | 3 written responses (750 characters each),True,False,Receive offer from University | Apply through Application Tracker (opens 8 January 2026) | Answer 3 questions (750 character limit each) | Make Bath firm choice in UCAS if successful,25 June 2026,https://www.bath.ac.uk/guides/bath-international-excellence-scholarship/,2026-05-02,high,"Information sourced directly from official University of Bath scholarship pages for academic year 2026/27. Research completed as of May 2, 2026. Some small departmental scholarships and external awards not included; research focused on central university scholarships and bursaries. A few scholarships had applications closed (British Council Scholarships for Women in STEM, CMA CGM Fund, GREAT Scholarships) and were excluded. School of Management has additional specific scholarships with similar application processes."
University of Bath,Bath Global Excellence Scholarship (Master's),Academic excellence required; strong academic credentials and background of achievement,NOT_FOUND,NOT_FOUND,"Full-time taught master's course in Faculty of Engineering & Design, Faculty of Humanities & Social Sciences, or Faculty of Science",International applicants only,False,Must hold offer for September 2026 entry; up to 250 awards available,Master's offer letter | Scholarship application via Application Tracker | 3 written responses,True,False,Hold offer for eligible master's course | Access Application Tracker | Complete scholarship application with 3 questions | Submit by deadline,"12 June 2026 (final deadline; earlier rounds: 4 February 2026, 8 April 2026)",https://www.bath.ac.uk/guides/applying-for-the-bath-global-excellence-scholarship/,2026-05-02,high,"Information sourced directly from official University of Bath scholarship pages for academic year 2026/27. Research completed as of May 2, 2026. Some small departmental scholarships and external awards not included; research focused on central university scholarships and bursaries. A few scholarships had applications closed (British Council Scholarships for Women in STEM, CMA CGM Fund, GREAT Scholarships) and were excluded. School of Management has additional specific scholarships with similar application processes."
University of Bath,Diamond Scholarship (Master's),Academic excellence and demonstrable background of achievement and success required,NOT_FOUND,NOT_FOUND,"Full-time taught master's course in Faculty of Engineering & Design, Faculty of Humanities & Social Sciences, or Faculty of Science",UK nationals only,False,Must hold offer for September 2026 entry; marking 60th anniversary of University,Master's offer letter | Scholarship application via Application Tracker | 3 written responses,True,False,Hold offer for eligible master's course | Access Application Tracker | Complete scholarship application | Submit by deadline,"12 June 2026 (final deadline; earlier rounds: 4 February 2026, 8 April 2026)",https://www.bath.ac.uk/guides/applying-for-the-diamond-scholarship/,2026-05-02,high,"Information sourced directly from official University of Bath scholarship pages for academic year 2026/27. Research completed as of May 2, 2026. Some small departmental scholarships and external awards not included; research focused on central university scholarships and bursaries. A few scholarships had applications closed (British Council Scholarships for Women in STEM, CMA CGM Fund, GREAT Scholarships) and were excluded. School of Management has additional specific scholarships with similar application processes."
University of Bath,School of Management Master's Worldwide Scholarships,NOT_FOUND,NOT_FOUND,NOT_FOUND,Full-time taught master's course in School of Management,Open to UK and international applicants,False,Must hold offer for September 2026; up to 15 awards,Master's offer letter | Scholarship application via Application Tracker,True,False,Hold offer for eligible School of Management master's course | Apply through Application Tracker | Accepted offer required by deadline,8 April 2026,https://www.bath.ac.uk/corporate-information/school-of-management-msc-funding-and-scholarships/,2026-05-02,high,"Information sourced directly from official University of Bath scholarship pages for academic year 2026/27. Research completed as of May 2, 2026. Some small departmental scholarships and external awards not included; research focused on central university scholarships and bursaries. A few scholarships had applications closed (British Council Scholarships for Women in STEM, CMA CGM Fund, GREAT Scholarships) and were excluded. School of Management has additional specific scholarships with similar application processes."
University of Bath,School of Management Scholarship for Academic Excellence,Strong academic record required,NOT_FOUND,NOT_FOUND,Full-time taught master's course in School of Management,Open to UK and international applicants,False,Must hold offer for September 2026; up to 15 awards,Master's offer letter | Scholarship application via Application Tracker,True,False,Hold offer for eligible School of Management master's course | Apply through Application Tracker | Accepted offer required by deadline,8 April 2026,https://www.bath.ac.uk/corporate-information/school-of-management-msc-funding-and-scholarships/,2026-05-02,high,"Information sourced directly from official University of Bath scholarship pages for academic year 2026/27. Research completed as of May 2, 2026. Some small departmental scholarships and external awards not included; research focused on central university scholarships and bursaries. A few scholarships had applications closed (British Council Scholarships for Women in STEM, CMA CGM Fund, GREAT Scholarships) and were excluded. School of Management has additional specific scholarships with similar application processes."
University of Bath,School of Management Scholarship for Outstanding Individual,NOT_FOUND,NOT_FOUND,NOT_FOUND,Full-time taught master's course in School of Management,Open to UK and international applicants,False,Must hold offer for September 2026; up to 15 awards,Master's offer letter | Scholarship application via Application Tracker,True,False,Hold offer for eligible School of Management master's course | Apply through Application Tracker | Accepted offer required by deadline,8 April 2026,https://www.bath.ac.uk/corporate-information/school-of-management-msc-funding-and-scholarships/,2026-05-02,high,"Information sourced directly from official University of Bath scholarship pages for academic year 2026/27. Research completed as of May 2, 2026. Some small departmental scholarships and external awards not included; research focused on central university scholarships and bursaries. A few scholarships had applications closed (British Council Scholarships for Women in STEM, CMA CGM Fund, GREAT Scholarships) and were excluded. School of Management has additional specific scholarships with similar application processes."
University of Bath,School of Management Access Master's UK Scholarship,NOT_FOUND,NOT_FOUND,NOT_FOUND,Full-time taught master's course in School of Management,UK applicants only who studied undergraduate degree in UK,False,Must hold offer for September 2026; must live in UK at time of application; up to 5 awards,Master's offer letter | Scholarship application via Application Tracker | Proof of UK residence and degree origin,True,False,Hold offer for eligible School of Management master's course | Apply through Application Tracker | Confirm UK residency and UK undergraduate origin,8 April 2026,https://www.bath.ac.uk/corporate-information/school-of-management-msc-funding-and-scholarships/,2026-05-02,high,"Information sourced directly from official University of Bath scholarship pages for academic year 2026/27. Research completed as of May 2, 2026. Some small departmental scholarships and external awards not included; research focused on central university scholarships and bursaries. A few scholarships had applications closed (British Council Scholarships for Women in STEM, CMA CGM Fund, GREAT Scholarships) and were excluded. School of Management has additional specific scholarships with similar application processes."
University of Bath,School of Management Master's Scholarship for Philippines,NOT_FOUND,NOT_FOUND,NOT_FOUND,Full-time taught master's course in School of Management,Applicants from Philippines only,False,"Must hold offer for September 2026; must have studied undergraduate degree and currently live in Philippines; up to 3 awards worth £15,000 each",Master's offer letter | Scholarship application via Application Tracker | Evidence of Philippines origin and current residence,True,False,Hold offer for eligible School of Management master's course | Apply through Application Tracker | Provide evidence of Philippines background,8 April 2026,https://www.bath.ac.uk/corporate-information/school-of-management-msc-funding-and-scholarships/,2026-05-02,high,"Information sourced directly from official University of Bath scholarship pages for academic year 2026/27. Research completed as of May 2, 2026. Some small departmental scholarships and external awards not included; research focused on central university scholarships and bursaries. A few scholarships had applications closed (British Council Scholarships for Women in STEM, CMA CGM Fund, GREAT Scholarships) and were excluded. School of Management has additional specific scholarships with similar application processes."
University of Warwick,Warwick Bursary (2025 Entry onwards),Offer for full-time undergraduate degree,NOT_FOUND,NOT_FOUND,All undergraduate courses eligible,"Home students only - domiciled in England, Scotland, or Northern Ireland",True,"Must apply to Student Finance England, SFNI, or SAAS for income assessment. Family income must be £42,875 or below",Student Finance application confirmation,False,True,Apply for Student Finance England/SFNI/SAAS | Provide household income assessment | University automatically checks eligibility from Student Finance data,NOT_FOUND,https://warwick.ac.uk/services/wss/funding/bursariesandscholarships/2025-entry/,2026-05-02,high,Information sourced from official University of Warwick funding pages.
University of Warwick,Warwick Part-Time Fee Waiver (PTFW),First undergraduate degree,NOT_FOUND,NOT_FOUND,Part-time undergraduate courses,Home and international students eligible,True,Must be in receipt of one or more UK Government means-tested benefits and have Tuition Fee Loan entitlement,Evidence of Tuition Fee Loan entitlement | Evidence of means-tested benefit receipt for 2025-26,True,False,Complete Part-Time Fee Waiver application form online | Submit evidence of TFL entitlement | Submit evidence of means-tested benefit receipt,NOT_FOUND,https://warwick.ac.uk/services/wss/funding/bursariesandscholarships/ptfw/,2026-05-02,high,Information sourced from official University of Warwick funding pages.
University of Warwick,Warwick Undergraduate Global Excellence Scholarship (WUGES),Exceptional academic achievement,NOT_FOUND,NOT_FOUND,All undergraduate courses eligible,International students only,False,Merit-based scholarship for talented international applicants,NOT_FOUND,NOT_FOUND,NOT_FOUND,Apply for undergraduate course | Automatically considered for scholarship based on academic merit,Applications for 2026 now closed,https://warwick.ac.uk/study/international/admissions/finance/scholarships/,2026-05-02,high,Information sourced from official University of Warwick funding pages.
Lancaster University,NOT_FOUND,NOT_FOUND,NOT_FOUND,NOT_FOUND,NOT_FOUND,NOT_FOUND,NOT_FOUND,NOT_FOUND,NOT_FOUND,NOT_FOUND,NOT_FOUND,NOT_FOUND,NOT_FOUND,NOT_FOUND,2026-05-02,low,Unable to access Lancaster University official scholarship pages during this run. Official sources were inaccessible via available methods.
University of Exeter,Exeter Excellence Scholarships (International),"Outstanding academic achievement, typically GCE A level AAB equivalent or higher",NOT_FOUND,NOT_FOUND,"Available in Environment Science and Economy, Health and Life Sciences, Humanities Arts and Social Sciences faculties; excludes BMBS Medicine and certain dual/partnership programmes",International students only (including EU),False,Must have conditional or unconditional offer; demonstrated academic and career ambition; ability to contribute to Exeter community,UCAS application | Personal statement (maximum 300 words),True,False,"Complete UCAS application and receive offer | Submit webform with personal statement responding to three prompts about ambitions, contribution to campus, and ambassador role",23 April 2026 (Round 2 - now closed),https://www.exeter.ac.uk/study/funding/award/?id=5612,2026-05-02,high,Information from official Exeter website; Round 2 deadline has passed; Round 1 closed 19 February 2026
University of York,York Bursary (UK Home),NOT_FOUND,NOT_FOUND,NOT_FOUND,All undergraduate programmes,UK (home) students only,True,"Household residual income between £0-£35,000",Student Finance assessment,False,True,Automatic assessment by Student Finance,Ongoing - assessed automatically,https://www.york.ac.uk/study/undergraduate/fees-funding/uk/scholarships/york-bursary/,2026-05-02,high,Information from official York website; covers undergraduate scholarships for 2026/27 academic year for both UK and international students
University of York,Global Impact Undergraduate Scholarship (International),NOT_FOUND,NOT_FOUND,NOT_FOUND,"All undergraduate programmes, starting September 2026","China, India, Malaysia, Nigeria, Thailand, Turkey, USA residents only",False,Must hold offer at York for year one direct entry,Degree offer,False,True,Automatic consideration for all eligible offer holders,Not applicable - automatic award,https://www.york.ac.uk/study/undergraduate/fees-funding/international/scholarships/global-impact-ug-scholarship/,2026-05-02,high,Information from official York website; covers undergraduate scholarships for 2026/27 academic year for both UK and international students
University of York,Dean's Global Excellence Scholarship (International),Exceptional academic achievement,NOT_FOUND,NOT_FOUND,Undergraduate programmes within faculties,International and EU students,False,Must hold offer at York; 6 scholarships available university-wide,Degree offer,False,True,Automatic consideration for all undergraduate offer holders,Notifications from 15 May 2026 onwards,https://www.york.ac.uk/study/undergraduate/fees-funding/international/scholarships/dean-global-excellence-scholarship/,2026-05-02,high,Information from official York website; covers undergraduate scholarships for 2026/27 academic year for both UK and international students
University of York,International Undergraduate Achievement Scholarship,Outstanding achievement from best international applicants,NOT_FOUND,NOT_FOUND,"All undergraduate programmes, year one direct entry",International and EU students,False,Must hold offer at York,Degree offer,False,True,Automatic consideration for eligible offer holders,Not applicable - automatic award,https://www.york.ac.uk/study/undergraduate/fees-funding/international/scholarships/international-achievement-scholarship/,2026-05-02,high,Information from official York website; covers undergraduate scholarships for 2026/27 academic year for both UK and international students
University of York,Cowrie Foundation Scholarship (UK Home),NOT_FOUND,NOT_FOUND,NOT_FOUND,All undergraduate programmes,UK (home) students only,True,Black British students from socio-economically disadvantaged backgrounds; 1 scholarship available,Application form | Personal statement,True,False,Complete online application form via Qualtrics,"8 May 2026, 11:59pm BST",https://www.york.ac.uk/study/undergraduate/fees-funding/uk/scholarships/cowrie-foundation-scholarship/,2026-05-02,high,Information from official York website; covers undergraduate scholarships for 2026/27 academic year for both UK and international students
University of York,Care Leavers and Estranged Students Bursary (UK Home),NOT_FOUND,NOT_FOUND,NOT_FOUND,All undergraduate programmes,UK (home) students only,False,Must be under 25 at start of studies and be care leaver or irreconcilably estranged from parents,NOT_FOUND,False,True,Automatic assessment based on disclosed circumstances,Ongoing - 2026/27,https://www.york.ac.uk/study/undergraduate/fees-funding/uk/scholarships/care-leavers/,2026-05-02,high,Information from official York website; covers undergraduate scholarships for 2026/27 academic year for both UK and international students
University of York,York Refugee Bursary (UK Home),NOT_FOUND,NOT_FOUND,NOT_FOUND,All undergraduate programmes,Refugee students with home fee status,False,Must have refugee status in UK,NOT_FOUND,False,True,NOT_FOUND,Ongoing - 2026/27,https://www.york.ac.uk/study/undergraduate/fees-funding/uk/scholarships/yorkrefugeebursary/,2026-05-02,high,Information from official York website; covers undergraduate scholarships for 2026/27 academic year for both UK and international students
University of York,York Performance Award,NOT_FOUND,NOT_FOUND,NOT_FOUND,All undergraduate programmes; must participate in drama/music performance,UK (home) and international students,False,Performance must be in venue beyond York,Application form | Evidence of performance involvement,True,False,Submit application through Arts and Creative Technologies portal,"7 June 2026, 11:59pm BST",https://www.york.ac.uk/arts-creative-technologies/study/funding/york-performance-award/,2026-05-02,high,Information from official York website; covers undergraduate scholarships for 2026/27 academic year for both UK and international students
UCL (University College London),NOT_FOUND,NOT_FOUND,NOT_FOUND,NOT_FOUND,NOT_FOUND,NOT_FOUND,NOT_FOUND,NOT_FOUND,NOT_FOUND,NOT_FOUND,NOT_FOUND,NOT_FOUND,NOT_FOUND,NOT_FOUND,2026-05-02,low,Not fully collected in this automated run. Official scholarship data should be gathered from the university funding pages before relying on this entry.
University of Birmingham,Chamberlain Award (UK Home),NOT_FOUND,NOT_FOUND,NOT_FOUND,"All full-time undergraduate programmes, entry September 2026",UK (home) students only,True,"Household income ≤£25,000 or £25,001-£35,000",Student Finance assessment,False,True,Automatic assessment if Student Finance has assessed household income,Not applicable - automatic award,https://www.birmingham.ac.uk/study/undergraduate/fees-funding/scholarships-grants-and-bursaries,2026-05-02,medium,Information from official Birmingham website; some specific eligibility criteria and documents not detailed on main pages; specific scholarship pages returned 404 errors; funding database contains additional country-specific schemes with various deadlines
University of Birmingham,High Fliers Undergraduate Scholarships (Country-Specific),Strong academic achievement for entry to undergraduate programme,NOT_FOUND,NOT_FOUND,"All full-time undergraduate programmes, entry September 2026","Specific countries: Africa, Canada, China, Europe, Hong Kong, India, Middle East/North Africa, Singapore, or via Kaplan pathway",False,Competitive award; separate schemes for each country/region,Application form | Academic evidence,True,False,Submit application through university funding database for your country,Varies by country: 29 May - 19 July 2026,https://www.birmingham.ac.uk/study/undergraduate/fees-funding/search-funding,2026-05-02,medium,Information from official Birmingham website; some specific eligibility criteria and documents not detailed on main pages; specific scholarship pages returned 404 errors; funding database contains additional country-specific schemes with various deadlines
University of Birmingham,Care Leaver Scholarship (UK Home),NOT_FOUND,NOT_FOUND,NOT_FOUND,All undergraduate programmes,UK (home) students only,False,Must be a care leaver; minimum of 2 scholarships awarded annually,Care leaver evidence | Application form,True,False,Apply through care leavers support office or contact funding team,NOT_FOUND,https://www.birmingham.ac.uk/study/undergraduate/fees-funding/scholarships-grants-and-bursaries,2026-05-02,medium,Information from official Birmingham website; some specific eligibility criteria and documents not detailed on main pages; specific scholarship pages returned 404 errors; funding database contains additional country-specific schemes with various deadlines
University of Birmingham,Music Scholarships,NOT_FOUND,NOT_FOUND,NOT_FOUND,Any full-time undergraduate programme (excluding Music Department); Grade 8 standard in instrument or vocals,All nationalities,False,Must perform at Grade 8 standard in instrument or vocals,Grade 8 or equivalent evidence | Audition required,True,False,Audition at Music Department,NOT_FOUND,https://www.birmingham.ac.uk/study/undergraduate/fees-funding/scholarships-grants-and-bursaries,2026-05-02,medium,Information from official Birmingham website; some specific eligibility criteria and documents not detailed on main pages; specific scholarship pages returned 404 errors; funding database contains additional country-specific schemes with various deadlines
University of Birmingham,Sports Scholarships,NOT_FOUND,NOT_FOUND,NOT_FOUND,Any academic department and programme,All nationalities,False,"High-achieving sports performers; support includes facilities membership, strength/conditioning, sports science, physiotherapy, lifestyle workshops",Sports achievement evidence | Application to Sports and Fitness,True,False,Apply to University of Birmingham Sport and Fitness department,NOT_FOUND,https://www.birmingham.ac.uk/study/undergraduate/fees-funding/scholarships-grants-and-bursaries,2026-05-02,medium,Information from official Birmingham website; some specific eligibility criteria and documents not detailed on main pages; specific scholarship pages returned 404 errors; funding database contains additional country-specific schemes with various deadlines
University of Birmingham,Gateway to Work Experience Bursary (UK Home),NOT_FOUND,NOT_FOUND,NOT_FOUND,All undergraduate programmes,UK (home) students only,True,Must be under-represented undergraduate; for access to work experience,Application form,True,False,Submit application through funding database,15 June 2026,https://www.birmingham.ac.uk/study/undergraduate/fees-funding/search-funding,2026-05-02,medium,Information from official Birmingham website; some specific eligibility criteria and documents not detailed on main pages; specific scholarship pages returned 404 errors; funding database contains additional country-specific schemes with various deadlines
University of Bristol,NOT_FOUND,NOT_FOUND,NOT_FOUND,NOT_FOUND,NOT_FOUND,NOT_FOUND,NOT_FOUND,NOT_FOUND,NOT_FOUND,NOT_FOUND,NOT_FOUND,NOT_FOUND,NOT_FOUND,NOT_FOUND,2026-05-02,low,Not fully collected in this automated run. Official scholarship data should be gathered from the university funding pages before relying on this entry.
University of Sheffield,NOT_FOUND,NOT_FOUND,NOT_FOUND,NOT_FOUND,NOT_FOUND,NOT_FOUND,NOT_FOUND,NOT_FOUND,NOT_FOUND,NOT_FOUND,NOT_FOUND,NOT_FOUND,NOT_FOUND,NOT_FOUND,2026-05-02,low,Not fully collected in this automated run. Official scholarship data should be gathered from the university funding pages before relying on this entry.
University of Southampton,NOT_FOUND,NOT_FOUND,NOT_FOUND,NOT_FOUND,NOT_FOUND,NOT_FOUND,NOT_FOUND,NOT_FOUND,NOT_FOUND,NOT_FOUND,NOT_FOUND,NOT_FOUND,NOT_FOUND,NOT_FOUND,2026-05-02,low,Not fully collected in this automated run. Official scholarship data should be gathered from the university funding pages before relying on this entry.
The University of Edinburgh,NOT_FOUND,NOT_FOUND,NOT_FOUND,NOT_FOUND,NOT_FOUND,NOT_FOUND,NOT_FOUND,NOT_FOUND,NOT_FOUND,NOT_FOUND,NOT_FOUND,NOT_FOUND,NOT_FOUND,NOT_FOUND,2026-05-02,low,Not fully collected in this automated run. Official scholarship data should be gathered from the university funding pages before relying on this entry.
King's College London,NOT_FOUND,NOT_FOUND,NOT_FOUND,NOT_FOUND,NOT_FOUND,NOT_FOUND,NOT_FOUND,NOT_FOUND,NOT_FOUND,NOT_FOUND,NOT_FOUND,NOT_FOUND,NOT_FOUND,NOT_FOUND,2026-05-02,low,Not fully collected in this automated run. Official scholarship data should be gathered from the university funding pages before relying on this entry.
University of Surrey,NOT_FOUND,NOT_FOUND,NOT_FOUND,NOT_FOUND,NOT_FOUND,NOT_FOUND,NOT_FOUND,NOT_FOUND,NOT_FOUND,NOT_FOUND,NOT_FOUND,NOT_FOUND,NOT_FOUND,NOT_FOUND,2026-05-02,low,Not fully collected in this automated run. Official scholarship data should be gathered from the university funding pages before relying on this entry.
University of Leeds,NOT_FOUND,NOT_FOUND,NOT_FOUND,NOT_FOUND,NOT_FOUND,NOT_FOUND,NOT_FOUND,NOT_FOUND,NOT_FOUND,NOT_FOUND,NOT_FOUND,NOT_FOUND,NOT_FOUND,NOT_FOUND,2026-05-02,low,Not fully collected in this automated run. Official scholarship data should be gathered from the university funding pages before relying on this entry.
Cardiff University,NOT_FOUND,NOT_FOUND,NOT_FOUND,NOT_FOUND,NOT_FOUND,NOT_FOUND,NOT_FOUND,NOT_FOUND,NOT_FOUND,NOT_FOUND,NOT_FOUND,NOT_FOUND,NOT_FOUND,NOT_FOUND,2026-05-02,low,Not fully collected in this automated run. Official scholarship data should be gathered from the university funding pages before relying on this entry.
University of Liverpool,NOT_FOUND,NOT_FOUND,NOT_FOUND,NOT_FOUND,NOT_FOUND,NOT_FOUND,NOT_FOUND,NOT_FOUND,NOT_FOUND,NOT_FOUND,NOT_FOUND,NOT_FOUND,NOT_FOUND,NOT_FOUND,2026-05-02,low,Not fully collected in this automated run. Official scholarship data should be gathered from the university funding pages before relying on this entry.
Queen's University Belfast,NOT_FOUND,NOT_FOUND,NOT_FOUND,NOT_FOUND,NOT_FOUND,NOT_FOUND,NOT_FOUND,NOT_FOUND,NOT_FOUND,NOT_FOUND,NOT_FOUND,NOT_FOUND,NOT_FOUND,NOT_FOUND,2026-05-02,low,Not fully collected in this automated run. Official scholarship data should be gathered from the university funding pages before relying on this entry.
Heriot-Watt University,NOT_FOUND,NOT_FOUND,NOT_FOUND,NOT_FOUND,NOT_FOUND,NOT_FOUND,NOT_FOUND,NOT_FOUND,NOT_FOUND,NOT_FOUND,NOT_FOUND,NOT_FOUND,NOT_FOUND,NOT_FOUND,2026-05-02,low,Not fully collected in this automated run. Official scholarship data should be gathered from the university funding pages before relying on this entry.
University of East Anglia UEA,NOT_FOUND,NOT_FOUND,NOT_FOUND,NOT_FOUND,NOT_FOUND,NOT_FOUND,NOT_FOUND,NOT_FOUND,NOT_FOUND,NOT_FOUND,NOT_FOUND,NOT_FOUND,NOT_FOUND,NOT_FOUND,2026-05-02,low,Not fully collected in this automated run. Official scholarship data should be gathered from the university funding pages before relying on this entry.
University of Nottingham,NOT_FOUND,NOT_FOUND,NOT_FOUND,NOT_FOUND,NOT_FOUND,NOT_FOUND,NOT_FOUND,NOT_FOUND,NOT_FOUND,NOT_FOUND,NOT_FOUND,NOT_FOUND,NOT_FOUND,NOT_FOUND,2026-05-02,low,Not fully collected in this automated run. Official scholarship data should be gathered from the university funding pages before relying on this entry.
University of Manchester,"Accommodation Bursary (Undergraduate, Home)",Must have applied for an undergraduate course starting Sep 2026 at Manchester.,NOT_FOUND,NOT_FOUND,Any undergraduate course; must apply for eligible halls as first-choice accommodation.,Home fee-status students only.,True,"Requires Student Finance household-income assessment and consent to share data; household income must be £43,000 or below.",Evidence for any priority criteria claimed in the bursary form,True,False,"Submit bursary form, have Manchester as firm choice by deadline, and provide supporting evidence for priority factors if claimed.",2026-07-06,https://www.manchester.ac.uk/study/undergraduate/fees-and-funding/scholarships-and-bursaries/accommodation-bursary/,2026-05-02,medium,Used official manchester.ac.uk pages. Some schemes provide country/course-specific rules via linked PDFs or profiles; those fields are marked NOT_FOUND where page-level detail was unavailable or cycle timing was unclear.
University of Manchester,Article 26 Scholarships (Undergraduate Sanctuary Seekers),Applied for a Manchester undergraduate course starting Sep 2026.,NOT_FOUND,NOT_FOUND,"Unavailable for Medicine, Dentistry, and Architecture.",For sanctuary-seeking applicants in the UK meeting specified immigration categories.,True,Must be unable to access mainstream UK student finance due to immigration status.,Scholarship application form | Immigration-status evidence,True,False,"Apply to an eligible undergraduate course, then submit the Article 26 scholarship application when open.",NOT_FOUND,https://www.manchester.ac.uk/study/undergraduate/fees-and-funding/scholarships-and-bursaries/article-26-scholarships/,2026-05-02,medium,Used official manchester.ac.uk pages. Some schemes provide country/course-specific rules via linked PDFs or profiles; those fields are marked NOT_FOUND where page-level detail was unavailable or cycle timing was unclear.
University of Manchester,"The Bason Family Bursary (Undergraduate, Home)",Applied for an undergraduate degree starting Sep 2026.,NOT_FOUND,NOT_FOUND,Undergraduate study at Manchester.,Home fee-status only; restricted to specified Black heritage ethnicity categories.,True,"Requires Student Finance assessment, household income <= £35,000, and current/long-term Greater Manchester residence.",Evidence documents for any priority criteria claimed | Completed bursary/scholarship application form,True,False,"Submit one shared form (also used for Cowrie), then shortlisted candidates attend online interview.",2026-04-26,https://www.manchester.ac.uk/study/undergraduate/fees-and-funding/scholarships-and-bursaries/bason-family-bursary/,2026-05-02,medium,Used official manchester.ac.uk pages. Some schemes provide country/course-specific rules via linked PDFs or profiles; those fields are marked NOT_FOUND where page-level detail was unavailable or cycle timing was unclear.
University of Manchester,"The Cowrie Foundation Scholarships (Undergraduate, Home)",Applied for an undergraduate degree starting Sep 2026.,NOT_FOUND,NOT_FOUND,Undergraduate study at Manchester.,Home fee-status only; restricted to specified Black heritage ethnicity categories.,True,"Requires Student Finance assessment and household income <= £35,000.",Evidence documents for any priority criteria claimed | Completed scholarship application form,True,False,"Submit one shared form (also used for Bason), then shortlisted candidates attend online interview.",2026-04-26,https://www.manchester.ac.uk/study/undergraduate/fees-and-funding/scholarships-and-bursaries/cowrie-foundation-scholarships/,2026-05-02,medium,Used official manchester.ac.uk pages. Some schemes provide country/course-specific rules via linked PDFs or profiles; those fields are marked NOT_FOUND where page-level detail was unavailable or cycle timing was unclear.
University of Manchester,"The Sadler Bursary (Undergraduate, Home care-experienced)",Applied for an undergraduate degree starting Sep 2026.,NOT_FOUND,NOT_FOUND,Undergraduate study at Manchester.,Home fee-status only.,False,Must be care-experienced/care leaver and aged 24 or under on 1 Sep 2026.,Local-authority/social-worker letter confirming care history and placement history | Evidence of living in Blackpool or North West since 1 Sep 2022 | Evidence of being/were under care of a Blackpool/North West local authority,True,False,Submit bursary form when open and upload required evidence; small panel shortlists and decides.,NOT_FOUND,https://www.manchester.ac.uk/study/undergraduate/fees-and-funding/scholarships-and-bursaries/sadler-bursary/,2026-05-02,medium,Used official manchester.ac.uk pages. Some schemes provide country/course-specific rules via linked PDFs or profiles; those fields are marked NOT_FOUND where page-level detail was unavailable or cycle timing was unclear.
University of Manchester,Manchester Master's Bursary (Home students),First master's qualification only; must have started UG after Sep 2012 and graduated no earlier than Jun 2021.,NOT_FOUND,NOT_FOUND,"Eligible master's courses only; full-time or part-time (max 2 years), Sep 2026 start.",Home fee status for both undergraduate and master's studies.,False,Applicants must also meet at least one widening-participation priority criterion and provide evidence.,Formal evidence for priority criteria | Supporting statement,True,False,Complete bursary application form and upload evidence; awards are then prioritized among eligible applicants.,2026-05-31,https://www.manchester.ac.uk/study/masters/fees-and-funding/masters-student-funding/masters-bursary/,2026-05-02,medium,Used official manchester.ac.uk pages. Some schemes provide country/course-specific rules via linked PDFs or profiles; those fields are marked NOT_FOUND where page-level detail was unavailable or cycle timing was unclear.
University of Manchester,Global Futures Scholarships (International UG and Master's),Must hold an offer for full-time on-campus study starting Sep 2026.,NOT_FOUND,Course-offer requirements apply; scholarship page gives no standalone threshold.,Full-time on-campus undergraduate or master's only.,Only applicants living in listed eligible countries/regions.,False,Must be self-funded (not externally sponsored).,Online scholarship form emailed to relevant offer-holders | NOT_FOUND,True,False,Secure eligible Manchester offer; complete region-specific scholarship form sent by the International Office.,NOT_FOUND,https://www.manchester.ac.uk/study/international/finance-and-scholarships/funding/global-futures-scholarship/,2026-05-02,medium,Used official manchester.ac.uk pages. Some schemes provide country/course-specific rules via linked PDFs or profiles; those fields are marked NOT_FOUND where page-level detail was unavailable or cycle timing was unclear.
University of Manchester,Humanitarian Scholarships (International undergraduate),Strong prior academic performance and application to eligible Sep 2026 undergraduate study.,NOT_FOUND,No proof needed at scholarship application stage; must later meet offer-set English condition. Duolingo not accepted.,"Most 3-year UG and approved foundation routes; excludes Medicine, Dentistry, Nursing, Architecture and INTO Humanities foundation.",Must not currently live in UK/EU; for people displaced by recent conflict.,False,"Must be at serious conflict-related risk, displaced within last 3 years, unable to continue university, and not previously studied in UK/EU.",UCAS course application | Scholarship online form,True,False,"Apply via UCAS, then submit scholarship form; no interview; scholarship decision sent by email.",2026-03-31,https://www.manchester.ac.uk/study/international/finance-and-scholarships/funding/humanitarian-scholarship/,2026-05-02,medium,Used official manchester.ac.uk pages. Some schemes provide country/course-specific rules via linked PDFs or profiles; those fields are marked NOT_FOUND where page-level detail was unavailable or cycle timing was unclear.
University of Manchester,Equity and Merit Scholarships (International Master's),"Excellent bachelor's degree (typically top 10% of class), with graduation before Sep 2024.",Top 10% of class (typical benchmark); exact GPA conversion NOT_FOUND.,NOT_FOUND,Only specific eligible master's courses (full-time on-campus or selected part-time online).,"Resident citizens of Ethiopia, Malawi, Rwanda, Tanzania, Uganda, or Zimbabwe.",True,Need >=2 years relevant paid professional experience; prior study outside Africa generally not allowed (except short <=6 months training).,Scholarship application form | Academic admission application (if invited),True,False,"Apply in scholarship window first; if eligible, submit academic course application; shortlist requires admission offer.",2025-08-31,https://www.manchester.ac.uk/study/masters/fees-and-funding/masters-student-funding/equity-merit-scholarships/,2026-05-02,medium,Used official manchester.ac.uk pages. Some schemes provide country/course-specific rules via linked PDFs or profiles; those fields are marked NOT_FOUND where page-level detail was unavailable or cycle timing was unclear.
University of Manchester,GREAT Scholarships 2026 (International Master's),Must hold a conditional or unconditional Manchester offer for an eligible one-year master's.,NOT_FOUND,NOT_FOUND,One-year postgraduate taught master's.,"Manchester awards restricted to citizens/residents of Bangladesh, Ghana, or Pakistan.",False,Additional selection rules are in linked University eligibility-and-selection PDF.,Scholarship form emailed to relevant offer-holders | Offer evidence (held in admissions record),True,False,"Receive eligible Manchester offer, then submit GREAT scholarship form sent by International Office.",2026-04-23,https://www.manchester.ac.uk/study/international/finance-and-scholarships/funding/great-scholarships/,2026-05-02,medium,Used official manchester.ac.uk pages. Some schemes provide country/course-specific rules via linked PDFs or profiles; those fields are marked NOT_FOUND where page-level detail was unavailable or cycle timing was unclear.
University of Manchester,Women in STEM Scholarships 2026-27 (International Master's),Must meet Manchester academic entry standards and have completed undergraduate degree (or complete before enrolment).,NOT_FOUND,Must meet Manchester English requirement for course admission.,Specific eligible STEM master's programmes only.,"Women permanent residents/passport holders of Bangladesh, India, Nepal, Pakistan, or Sri Lanka.",True,"Must plan to return home for >=2 years, show STEM engagement and impact intent; ineligible with dual UK citizenship.",Scholarship application form emailed to eligible offer-holders | Passport/travel document proving eligibility | Documents for UK visa eligibility | Evidence supporting financial-need case,True,False,"Hold relevant offer, complete scholarship form sent from mid-January, and consent to British Council data-sharing.",2026-04-30,https://www.manchester.ac.uk/study/international/finance-and-scholarships/funding/women-in-stem-scholarships/,2026-05-02,medium,Used official manchester.ac.uk pages. Some schemes provide country/course-specific rules via linked PDFs or profiles; those fields are marked NOT_FOUND where page-level detail was unavailable or cycle timing was unclear.
University of Manchester,Carbon Reduction Scholarship (Distance-learning MA Education for a Sustainable Environment),Offer-holder for MA Education for a Sustainable Environment by distance learning.,NOT_FOUND,NOT_FOUND,"MA Education for a Sustainable Environment, distance-learning registration required.",Open to both home and overseas applicants.,False,Selection is merit-based and based on contribution potential to programme diversity and enrichment.,NOT_FOUND,False,True,No separate bursary form; eligible applicants are assessed automatically.,NOT_FOUND,https://www.manchester.ac.uk/study/international/finance-and-scholarships/funding/carbon-reduction-scholarship/,2026-05-02,medium,Used official manchester.ac.uk pages. Some schemes provide country/course-specific rules via linked PDFs or profiles; those fields are marked NOT_FOUND where page-level detail was unavailable or cycle timing was unclear.
University of Essex,NOT_FOUND,NOT_FOUND,NOT_FOUND,NOT_FOUND,NOT_FOUND,NOT_FOUND,NOT_FOUND,NOT_FOUND,NOT_FOUND,NOT_FOUND,NOT_FOUND,NOT_FOUND,NOT_FOUND,NOT_FOUND,2026-05-02,low,Not fully collected in this automated run. Official scholarship data should be gathered from the university funding pages before relying on this entry.
University of Aberdeen,NOT_FOUND,NOT_FOUND,NOT_FOUND,NOT_FOUND,NOT_FOUND,NOT_FOUND,NOT_FOUND,NOT_FOUND,NOT_FOUND,NOT_FOUND,NOT_FOUND,NOT_FOUND,NOT_FOUND,NOT_FOUND,2026-05-02,low,Not fully collected in this automated run. Official scholarship data should be gathered from the university funding pages before relying on this entry.
University of Glasgow,NOT_FOUND,NOT_FOUND,NOT_FOUND,NOT_FOUND,NOT_FOUND,NOT_FOUND,NOT_FOUND,NOT_FOUND,NOT_FOUND,NOT_FOUND,NOT_FOUND,NOT_FOUND,NOT_FOUND,NOT_FOUND,2026-05-02,low,Not fully collected in this automated run. Official scholarship data should be gathered from the university funding pages before relying on this entry.
Newcastle University,NOT_FOUND,NOT_FOUND,NOT_FOUND,NOT_FOUND,NOT_FOUND,NOT_FOUND,NOT_FOUND,NOT_FOUND,NOT_FOUND,NOT_FOUND,NOT_FOUND,NOT_FOUND,NOT_FOUND,NOT_FOUND,2026-05-02,low,Not fully collected in this automated run. Official scholarship data should be gathered from the university funding pages before relying on this entry.
University of Leicester,NOT_FOUND,NOT_FOUND,NOT_FOUND,NOT_FOUND,NOT_FOUND,NOT_FOUND,NOT_FOUND,NOT_FOUND,NOT_FOUND,NOT_FOUND,NOT_FOUND,NOT_FOUND,NOT_FOUND,NOT_FOUND,2026-05-02,low,Not fully collected in this automated run. Official scholarship data should be gathered from the university funding pages before relying on this entry.
University of the Arts London,NOT_FOUND,NOT_FOUND,NOT_FOUND,NOT_FOUND,NOT_FOUND,NOT_FOUND,NOT_FOUND,NOT_FOUND,NOT_FOUND,NOT_FOUND,NOT_FOUND,NOT_FOUND,NOT_FOUND,NOT_FOUND,2026-05-02,low,Not fully collected in this automated run. Official scholarship data should be gathered from the university funding pages before relying on this entry.
Royal Holloway,NOT_FOUND,NOT_FOUND,NOT_FOUND,NOT_FOUND,NOT_FOUND,NOT_FOUND,NOT_FOUND,NOT_FOUND,NOT_FOUND,NOT_FOUND,NOT_FOUND,NOT_FOUND,NOT_FOUND,NOT_FOUND,2026-05-02,low,Not fully collected in this automated run. Official scholarship data should be gathered from the university funding pages before relying on this entry.
University of Reading,NOT_FOUND,NOT_FOUND,NOT_FOUND,NOT_FOUND,NOT_FOUND,NOT_FOUND,NOT_FOUND,NOT_FOUND,NOT_FOUND,NOT_FOUND,NOT_FOUND,NOT_FOUND,NOT_FOUND,NOT_FOUND,2026-05-02,low,Not fully collected in this automated run. Official scholarship data should be gathered from the university funding pages before relying on this entry.
Northumbria University,NOT_FOUND,NOT_FOUND,NOT_FOUND,NOT_FOUND,NOT_FOUND,NOT_FOUND,NOT_FOUND,NOT_FOUND,NOT_FOUND,NOT_FOUND,NOT_FOUND,NOT_FOUND,NOT_FOUND,NOT_FOUND,2026-05-02,low,Not fully collected in this automated run. Official scholarship data should be gathered from the university funding pages before relying on this entry.
University of Strathclyde,NOT_FOUND,NOT_FOUND,NOT_FOUND,NOT_FOUND,NOT_FOUND,NOT_FOUND,NOT_FOUND,NOT_FOUND,NOT_FOUND,NOT_FOUND,NOT_FOUND,NOT_FOUND,NOT_FOUND,NOT_FOUND,2026-05-02,low,Not fully collected in this automated run. Official scholarship data should be gathered from the university funding pages before relying on this entry.
University of Dundee,NOT_FOUND,NOT_FOUND,NOT_FOUND,NOT_FOUND,NOT_FOUND,NOT_FOUND,NOT_FOUND,NOT_FOUND,NOT_FOUND,NOT_FOUND,NOT_FOUND,NOT_FOUND,NOT_FOUND,NOT_FOUND,2026-05-02,low,Not fully collected in this automated run. Official scholarship data should be gathered from the university funding pages before relying on this entry.
Swansea University,NOT_FOUND,NOT_FOUND,NOT_FOUND,NOT_FOUND,NOT_FOUND,NOT_FOUND,NOT_FOUND,NOT_FOUND,NOT_FOUND,NOT_FOUND,NOT_FOUND,NOT_FOUND,NOT_FOUND,NOT_FOUND,2026-05-02,low,Not fully collected in this automated run. Official scholarship data should be gathered from the university funding pages before relying on this entry.
Queen Mary University of London,NOT_FOUND,NOT_FOUND,NOT_FOUND,NOT_FOUND,NOT_FOUND,NOT_FOUND,NOT_FOUND,NOT_FOUND,NOT_FOUND,NOT_FOUND,NOT_FOUND,NOT_FOUND,NOT_FOUND,NOT_FOUND,2026-05-02,low,Not fully collected in this automated run. Official scholarship data should be gathered from the university funding pages before relying on this entry.
University of Portsmouth,NOT_FOUND,NOT_FOUND,NOT_FOUND,NOT_FOUND,NOT_FOUND,NOT_FOUND,NOT_FOUND,NOT_FOUND,NOT_FOUND,NOT_FOUND,NOT_FOUND,NOT_FOUND,NOT_FOUND,NOT_FOUND,2026-05-02,low,Not fully collected in this automated run. Official scholarship data should be gathered from the university funding pages before relying on this entry.
University of Sussex,NOT_FOUND,NOT_FOUND,NOT_FOUND,NOT_FOUND,NOT_FOUND,NOT_FOUND,NOT_FOUND,NOT_FOUND,NOT_FOUND,NOT_FOUND,NOT_FOUND,NOT_FOUND,NOT_FOUND,NOT_FOUND,2026-05-02,low,Not fully collected in this automated run. Official scholarship data should be gathered from the university funding pages before relying on this entry.
Aston University,NOT_FOUND,NOT_FOUND,NOT_FOUND,NOT_FOUND,NOT_FOUND,NOT_FOUND,NOT_FOUND,NOT_FOUND,NOT_FOUND,NOT_FOUND,NOT_FOUND,NOT_FOUND,NOT_FOUND,NOT_FOUND,2026-05-02,low,Not fully collected in this automated run. Official scholarship data should be gathered from the university funding pages before relying on this entry.
Aberystwyth University,NOT_FOUND,NOT_FOUND,NOT_FOUND,NOT_FOUND,NOT_FOUND,NOT_FOUND,NOT_FOUND,NOT_FOUND,NOT_FOUND,NOT_FOUND,NOT_FOUND,NOT_FOUND,NOT_FOUND,NOT_FOUND,2026-05-02,low,Not fully collected in this automated run. Official scholarship data should be gathered from the university funding pages before relying on this entry.
Nottingham Trent University,NOT_FOUND,NOT_FOUND,NOT_FOUND,NOT_FOUND,NOT_FOUND,NOT_FOUND,NOT_FOUND,NOT_FOUND,NOT_FOUND,NOT_FOUND,NOT_FOUND,NOT_FOUND,NOT_FOUND,NOT_FOUND,2026-05-02,low,Not fully collected in this automated run. Official scholarship data should be gathered from the university funding pages before relying on this entry.
Harper Adams University,NOT_FOUND,NOT_FOUND,NOT_FOUND,NOT_FOUND,NOT_FOUND,NOT_FOUND,NOT_FOUND,NOT_FOUND,NOT_FOUND,NOT_FOUND,NOT_FOUND,NOT_FOUND,NOT_FOUND,NOT_FOUND,2026-05-02,low,Not fully collected in this automated run. Official scholarship data should be gathered from the university funding pages before relying on this entry.
Oxford Brookes University,NOT_FOUND,NOT_FOUND,NOT_FOUND,NOT_FOUND,NOT_FOUND,NOT_FOUND,NOT_FOUND,NOT_FOUND,NOT_FOUND,NOT_FOUND,NOT_FOUND,NOT_FOUND,NOT_FOUND,NOT_FOUND,2026-05-02,low,Not fully collected in this automated run. Official scholarship data should be gathered from the university funding pages before relying on this entry.
University of Kent,NOT_FOUND,NOT_FOUND,NOT_FOUND,NOT_FOUND,NOT_FOUND,NOT_FOUND,NOT_FOUND,NOT_FOUND,NOT_FOUND,NOT_FOUND,NOT_FOUND,NOT_FOUND,NOT_FOUND,NOT_FOUND,2026-05-02,low,Not fully collected in this automated run. Official scholarship data should be gathered from the university funding pages before relying on this entry.
Manchester Metropolitan University,NOT_FOUND,NOT_FOUND,NOT_FOUND,NOT_FOUND,NOT_FOUND,NOT_FOUND,NOT_FOUND,NOT_FOUND,NOT_FOUND,NOT_FOUND,NOT_FOUND,NOT_FOUND,NOT_FOUND,NOT_FOUND,2026-05-02,low,Not fully collected in this automated run. Official scholarship data should be gathered from the university funding pages before relying on this entry.
